Date,NFP_SURP,NFP_12M,SP500_3M,SLOPE_3M,BCOM_3M,TR_SKEW
2/4/1988,0.322007758,3.00857692,0.166672034,-0.316180272,0.0171,0.235250774
2/5/1988,-0.263050993,3.212826241,-1.39383044,-0.284406848,0.0272,0.225141824
2/11/1988,-0.263050993,3.212826241,2.465267693,-0.141477056,0.0104,0.280942201
3/30/1988,0.751519662,3.233884037,3.140273051,0.19513279,0.0277,0.738111112
4/4/1988,0.107869903,3.135576011,5.681999327,0.241408314,0.0277,0.720499676
4/5/1988,0.107869903,3.135576011,3.26648578,0.147503344,1.136855052,0.712206908
4/6/1988,0.107869903,3.135576011,4.522223746,0.0940292,-0.271779455,0.709806073
5/9/1988,-0.230512828,3.129579516,2.067998942,0.172571635,3.190528716,0.464159998
5/10/1988,-0.230512828,3.129579516,1.702253074,0.135563521,2.920216361,0.449797421
5/18/1988,-0.230512828,3.129579516,-0.873267986,0.126227521,5.492778376,0.374105217
5/19/1988,-0.230512828,3.129579516,-3.318110491,0.20927735,6.682466039,0.362684576
5/20/1988,-0.230512828,3.129579516,-2.5950044,0.165697735,6.237420391,0.344949281
5/25/1988,-0.230512828,3.129579516,-4.67388155,0.252140084,7.965308796,0.317239336
5/26/1988,-0.230512828,3.129579516,-4.341633658,0.143332713,7.833820242,0.305182539
6/17/1988,-0.073271823,3.306836201,1.358477384,-0.253708534,12.83460711,0.18346181
6/20/1988,-0.073271823,3.306836201,0.752788985,-0.382180696,13.49349623,0.192408497
7/1/1988,-0.073201334,3.306836201,5.035076815,-0.512245513,9.613152071,0.170525418
7/19/1988,0.246401962,3.179331966,4.05894723,-0.520470894,7.442814181,0.211760378
7/20/1988,0.246401962,3.179331966,3.294259857,-0.515234322,6.755730369,0.214852225
8/9/1988,0.042705595,3.12768774,4.233096785,-0.603451183,3.224198205,0.328017936
8/17/1988,0.042705595,3.12768774,1.461346919,-0.682589812,0.909733172,0.325256079
9/21/1988,-0.063628212,3.226581059,-0.351578491,-0.544134831,-11.82916305,0.153064374
11/2/1988,-0.105681983,2.997158644,2.485300787,-0.5042972,-4.556484468,0.266840906
11/7/1988,0.177910445,3.090884132,1.597876168,-0.481376898,-4.751390846,0.291776702
11/8/1988,0.177910445,3.090884132,1.020042178,-0.443564338,-4.528335756,0.30209566
12/15/1988,0.457846857,3.074914914,2.903990417,-0.709127103,-0.897553968,0.297286079
1/6/1989,0.027566104,3.231930212,3.130528098,-0.513599135,8.401229899,0.248097964
1/9/1989,0.027566104,3.231930212,3.646404504,-0.611611465,9.516093355,0.245544902
1/10/1989,0.027566104,3.231930212,3.29963575,-0.596226818,8.903937308,0.247751892
2/9/1989,0.315831004,3.036506983,7.774888376,-0.865275288,4.041996057,0.274659411
2/14/1989,0.315831004,3.036506983,6.79216314,-0.667592587,2.010068396,0.271409214
2/23/1989,0.315831004,3.036506983,9.479467883,-0.510146041,8.793455655,0.268144038
2/24/1989,0.315831004,3.036506983,9.166330719,-0.504542198,8.751484209,0.256396345
3/29/1989,0.069070801,2.953399326,4.99602686,-0.576839044,3.270673376,0.236711206
5/17/1989,-0.278563216,2.772696704,7.663887356,-0.035719084,3.533108132,0.267387943
6/6/1989,-0.269058932,2.532089364,10.49361687,0.095841381,-2.086825912,0.261731409
7/7/1989,-0.081677769,2.358513772,8.512737084,0.433352401,-4.560618102,0.214421994
7/25/1989,-0.081677769,2.358513772,8.594668858,0.262643326,-8.122610476,0.136283106
7/26/1989,-0.081677769,2.358513772,7.546826798,0.26582117,-8.928140473,0.124230412
7/27/1989,-0.081677769,2.358513772,9.085623244,0.240602358,-8.66347874,0.114394578
8/23/1989,-0.019256865,2.288283798,6.02510371,0.129548243,-1.90581579,0.030764884
10/4/1989,0.056692794,2.198034214,10.93120079,-0.262906761,-0.517616434,0.088653838
10/16/1989,-0.192093134,2.04894666,1.115135623,-0.089881462,0.941102958,0.065199213
10/19/1989,-0.192093134,2.04894666,3.093352795,0.07416595,1.772940283,0.046143242
11/7/1989,0.139165433,1.982708692,-3.343852282,0.064999036,4.505165812,-0.08584007
11/8/1989,0.139165433,1.982708692,-4.268282881,0.058142655,4.575385664,-0.080729425
11/9/1989,0.139165433,1.982708692,-3.25847365,0.130678133,3.94384967,-0.078566421
11/15/1989,0.139165433,1.982708692,-1.488907151,0.225627279,3.102935024,-0.094487548
12/20/1989,0.063260633,1.796705326,-1.239157317,-0.03020682,2.267309567,0.047552454
2/8/1990,0.195129397,1.852835637,-1.15287785,0.386595269,2.552955874,0.111128792
3/28/1990,0.301810317,1.858647546,-0.955884992,0.105724213,0.029714917,0.053065584
5/16/1990,-0.736273402,1.759015874,6.008495141,0.081374188,1.884461383,0.053895604
7/5/1990,-0.197065781,1.673460295,5.77792487,0.174229954,-3.137591797,0.149450909
7/13/1990,-0.176586413,1.602721976,6.813519497,0.214133147,-0.654039959,0.147127739
8/22/1990,-0.539338824,1.365039613,-9.698660886,0.572819221,10.1905252,0.050928104
10/3/1990,-0.136010387,1.059250262,-12.73497638,0.673690183,15.41184252,0.335706738
10/29/1990,-0.270801644,0.827167987,-15.53174236,0.489574434,10.51875046,0.38127543
11/14/1990,-0.145297915,0.431244762,-6.451485838,-0.059025636,2.617871327,0.444121667
11/15/1990,-0.145297915,0.431244762,-5.757973562,-0.028759094,-0.517380013,0.445742627
11/16/1990,-0.145297915,0.431244762,-7.015723674,0.053208133,-1.784500593,0.445801616
12/7/1990,-0.479539796,0.304581803,1.432397557,-0.308628269,-8.651174485,0.49746195
12/18/1990,-0.479539796,0.304581803,2.859338543,-0.316031433,-11.93440817,0.496974738
12/19/1990,-0.479539796,0.304581803,3.791630507,-0.392135197,-11.23892168,0.490246286
1/8/1991,0.131788721,-0.12645818,1.289025751,0.133444135,-16.02770183,0.54842033
2/1/1991,-0.56861717,-0.642617408,13.04085234,0.157906252,-17.02327619,0.49833694
2/7/1991,-0.56861717,-0.642617408,13.82061959,0.254548471,-14.66782048,0.458545895
3/8/1991,-0.217282134,-0.982556666,14.82976338,0.617196116,-11.36523523,0.374130631
3/27/1991,-0.217282134,-0.982556666,13.09304552,0.416593389,-6.695312645,0.402276858
4/30/1991,-0.178432422,-1.214560118,10.98727068,0.43824367,0.501032885,0.316083817
5/15/1991,-0.014665783,-1.444442555,3.357495277,0.56601377,-1.563459182,0.273815279
7/5/1991,-0.270810294,-1.398431813,-1.639188579,0.27638524,-5.3142565,0.230164637
8/6/1991,-0.273098456,-1.199619719,1.186045049,0.101431112,-1.732449425,0.223755865
8/21/1991,-0.273098456,-1.199619719,1.872837576,0.401972605,-0.838665703,0.185071053
9/13/1991,-0.053896718,-1.09062947,1.637228277,0.22665666,3.279060722,0.094674067
10/2/1991,-0.053893397,-1.09062947,4.746013532,0.078036039,5.500084515,0.032977406
10/30/1991,-0.076953579,-0.933238455,2.150791513,0.335773839,5.074886667,-6.89E-05
11/6/1991,-0.10004753,-0.847735421,0.943438237,0.520834288,5.321595313,0.000821875
12/6/1991,-0.526766349,-0.770585612,-3.279064191,0.454459529,-0.985245613,0.099008292
12/18/1991,-0.526766349,-0.770585612,-0.791137366,0.727379985,-5.504873755,0.122287199
12/20/1991,-0.526766349,-0.770585612,-1.14887378,0.706036362,-6.965441476,0.134791895
2/6/1992,0.146812955,-0.637469216,5.595375854,0.50034282,-6.539472595,0.144938438
4/1/1992,0.282321141,-0.185309017,-0.683823941,0.142523453,3.477687391,0.040385699
4/9/1992,-0.152889739,0.154011475,-5.642583973,0.186869399,5.009975505,0.073357409
5/20/1992,0.077240049,0.36330146,0.938652992,0.066298799,2.333688587,0.122318602
7/2/1992,-0.526996355,0.462498867,2.422044372,0.37822156,3.503425361,0.131082949
8/19/1992,0.161838243,0.568102258,2.706346113,0.049306823,0.566835846,0.138197103
9/4/1992,-0.574444964,0.567914011,0.814353953,0.169285795,-1.863688081,0.09207784
10/7/1992,-0.056084493,0.714489083,-1.622408672,0.045236884,-0.55597878,0.085537913
11/18/1992,-0.035484163,0.903569385,-0.34999649,-0.217658664,-1.689026307,0.087241625
12/23/1992,0.062632245,1.076068997,4.214197147,-0.488841212,-5.126789245,0.129997704
2/4/1993,-0.101365314,1.306429161,6.589906164,-0.340060119,-2.977315861,0.176167601
3/24/1993,0.511935641,1.499311415,3.015421367,-0.158984616,2.007171529,0.070168186
5/19/1993,-0.110115037,1.755375383,-0.962823412,-0.233717134,2.849673755,0.150864189
7/8/1993,-0.348320771,2.05787672,0.325704733,-0.749334199,2.538854715,0.191408533
8/18/1993,-0.013091559,2.075343889,3.040484978,-0.591837165,0.557079614,0.234103428
9/22/1993,-0.463818642,2.265966889,2.067820571,-0.28766113,-0.087318644,0.215520046
11/17/1993,-0.002124642,2.445087484,3.124979113,-0.274972065,-0.577443605,0.216554918
12/22/1993,0.042255039,2.544473825,2.227505642,0.209555701,0.52702715,0.255750102
2/4/1994,-0.30150084,2.454011761,2.585612952,0.05369908,6.910923686,0.340878444
3/22/1994,0.107782552,2.903688451,1.11603772,-0.073339615,4.159819804,0.29863845
4/18/1994,0.45931599,2.938274435,-6.084349387,0.215322473,1.566705446,0.359379369
5/17/1994,0.161740287,2.985615513,-6.168145352,-0.050937148,6.241000082,0.406605767
7/6/1994,-0.223204399,3.10895735,0.183874691,-0.525964864,7.582316883,0.456309215
8/16/1994,0.066504237,3.275791236,3.863551701,-0.285782839,0.816579293,0.421430475
9/27/1994,-0.157141908,3.351056401,2.458249392,-0.126832341,0.527082318,0.45120922
11/15/1994,-0.150044549,3.405988944,0.883646788,-0.220522858,3.9236836,0.220581578
12/20/1994,0.17503781,3.369290724,-2.858874863,-1.148157867,2.238585874,0.204052942
2/1/1995,-0.04862268,3.408359388,0.976223423,-0.949984486,0.90368043,0.24430332
3/28/1995,0.143761517,3.183368742,9.060945773,0.11015316,2.385407954,0.318299113
5/23/1995,-0.379504743,2.706155985,7.622116999,-0.215698253,3.009584029,0.251260459
7/6/1995,-0.623347619,2.636528132,8.889695315,-0.280085423,-3.067196057,0.114957252
8/22/1995,-0.188738672,2.359182127,7.153522352,0.105815802,-0.178216348,0.150260371
9/26/1995,0.138016774,2.253012251,5.428207364,0.078133952,2.283607129,0.059948888
11/15/1995,-0.069662959,1.96303407,5.144601237,-0.262944431,3.407260219,0.01897019
12/19/1995,-0.027386301,1.835461638,3.942841579,-0.155363516,3.206923741,0.015806792
1/31/1996,-0.016825575,1.543327257,8.860109573,0.206097808,4.523343895,0.030869333
3/26/1996,0.818840061,1.766896327,7.025289036,0.395863385,6.085304462,0.104556354
5/21/1996,-0.303540468,2.070733447,3.296713955,0.064873297,6.90482112,0.230770022
7/3/1996,0.330542969,2.091521059,4.262607639,0.040230092,-5.307685579,0.198712735
8/20/1996,-0.033820519,2.146026758,0.259877348,-0.114707957,-4.830094785,0.201309489
9/24/1996,-0.013076628,2.121175919,3.616049799,-0.102008148,1.205127057,0.166268628
11/13/1996,-0.009066554,2.327048028,9.149731446,-0.120683239,-0.316831335,0.200302405
12/17/1996,-0.157631548,2.353659019,5.772480217,-0.209720331,1.569716983,0.113390355
2/5/1997,0.138614994,2.536915178,11.25150741,-0.02213722,4.907465932,0.279661358
3/25/1997,0.197553369,2.489100756,7.800704105,-0.009621221,0.024400811,0.265964382
5/20/1997,-0.154233333,2.531780798,2.607909301,0.015716624,5.264724995,0.210395251
7/2/1997,-0.216639735,2.511406343,16.28563749,-0.162057222,-6.236956009,0.155698081
8/19/1997,0.199499823,2.374291502,8.053962372,-0.111764791,-8.924521557,0.06906062
9/30/1997,-0.102742745,2.602872632,7.587663843,-0.234348624,2.929915094,0.098493843
11/12/1997,0.108794801,2.675005425,-1.420930247,-0.37717211,0.399745795,0.013157663
12/16/1997,0.369227535,2.772754679,4.184369421,-0.535061336,-4.173143057,-0.051512988
2/4/1998,0.299736603,2.802391681,9.027717039,-0.128058913,-9.04821402,-0.073465045
3/31/1998,0.07972816,2.568559535,15.22763431,0.112823843,-3.383814223,0.046087048
5/19/1998,-0.055942255,2.645823121,7.673384231,0.010552763,-4.827845529,0.116016142
7/1/1998,0.100514076,2.619759933,3.445401618,-0.171071016,-5.991345712,-0.041718675
8/18/1998,-0.01833628,2.772258038,-3.062423609,-0.123536523,-8.440220964,-0.012063621
9/29/1998,-0.010484004,2.532104488,-7.403857712,-0.009456348,-2.987189016,-0.313921885
10/15/1998,-0.29791561,2.410907932,-15.7946653,0.25173243,-0.97048166,-0.299088034
11/17/1998,-0.155940921,2.383896481,6.653898458,0.20422766,0.67814972,-0.039649279
12/22/1998,0.149907801,2.416197242,16.47945139,0.202059298,-11.00243578,-0.109246048
2/3/1999,0.307115414,2.291540045,16.68178578,-0.052081907,-8.80980128,-0.100253604
3/30/1999,0.008658814,2.422385306,8.486483772,0.388802087,8.622715975,0.134235548
5/18/1999,-0.022598322,2.330280305,6.591856643,0.405907039,11.53100755,0.067498448
6/30/1999,0.058669152,2.357845552,5.213282709,0.113742332,1.945069307,0.216046041
8/24/1999,0.160742988,2.363083276,1.585036443,0.084767269,12.23757129,0.107381366
10/5/1999,-0.481008158,2.360976044,-5.688241954,0.084636271,12.93316554,0.156740251
11/16/1999,-0.045815921,2.517886905,4.902395554,-0.315958515,5.880069564,0.105461106
12/21/1999,0.005909724,2.467827597,6.006498965,-0.139252947,4.032873784,0.251840648
2/2/2000,0.192638106,2.560535699,4.859014644,-0.340263911,10.10266255,0.190962573
3/21/2000,-0.365938691,2.594069363,3.017696086,-0.595586511,5.88842823,0.025462613
5/16/2000,-0.043846745,2.523532067,2.476785875,-0.468546622,4.272974628,0.15086652
6/28/2000,-0.340812795,2.280815405,-5.166337105,-0.137845978,6.714792928,0.235238836
8/22/2000,-0.37832872,2.033636924,4.241466129,-0.324512688,0.452467059,0.17041997
10/3/2000,-0.019286938,1.958019137,-0.427985882,0.074612177,3.217535672,0.117509149
11/15/2000,-0.125017919,1.588487643,-7.560372797,0.12104581,6.587191571,0.082924593
12/19/2000,-0.1324276,1.467204563,-10.27026953,-0.329057251,-0.315469096,-0.037218154
1/3/2001,-0.04382296,1.467204563,-12.78530202,0.018846495,2.181917825,-0.140580782
1/31/2001,0.298886346,1.283225933,0.644846996,0.861112265,5.215328512,-0.170625169
3/20/2001,0.089787935,0.867777948,-15.79758551,1.062514722,-3.193527758,-0.163105318
4/18/2001,-0.32052585,0.434289856,-10.73118522,0.765276768,-4.060488318,-0.282723632
5/15/2001,-0.483388867,0.22985561,-6.480019982,1.097244513,-3.447084761,-0.080931749
6/27/2001,-0.007974868,0.179300323,6.531250641,0.850370351,-5.164034255,-0.077577601
8/21/2001,-0.009807696,-0.161207959,-9.526280193,0.113705702,-7.041719676,-0.03378988
9/17/2001,-0.168764125,-0.43544016,-15.59769262,0.535097771,-2.737181901,-0.085837002
10/2/2001,-0.212634575,-0.43544016,-16.5400941,0.707271076,-6.334728271,-0.133655483
11/6/2001,-0.260566385,-1.070924152,-8.819252372,0.723934953,-12.58021069,-0.121697809
12/11/2001,-0.27061129,-1.3143963,0.558617657,1.51743658,-11.3596312,-0.063788413
1/30/2002,-0.005717842,-1.399314081,1.41275853,0.484422843,-0.025698963,0.079053011
3/19/2002,0.080357846,-1.540226218,2.501100123,-0.339624251,15.51209286,0.12096292
5/7/2002,-0.074493485,-1.351140722,-7.106472954,0.015877493,11.51068647,0.145480785
6/26/2002,-0.09170486,-1.236649318,-16.27800709,0.078532056,2.286947025,0.147950539
8/13/2002,-0.158699919,-1.095961892,-17.16149879,-0.260495914,2.1118229,-0.059370373
9/24/2002,-0.028575656,-0.960863928,-18.81519176,-0.674752871,10.7539563,0.019598155
11/6/2002,-0.05536203,-0.40342353,9.239768107,-0.148475019,8.800425677,0.224194582
12/10/2002,-0.177801018,-0.396255223,-0.215013401,0.300633278,0.827881752,0.264872594
1/29/2003,-0.269895877,-0.218795032,-4.286342056,0.186472517,10.04969207,0.337118601
3/18/2003,-0.637747569,-0.373242002,-4.715573883,-0.119504055,5.396840941,0.247617842
5/6/2003,-0.017021696,-0.334320246,9.259303262,-0.046646381,-6.692054606,0.370377626
6/25/2003,-0.005510269,-0.374150357,9.336082413,-0.462098248,2.047274794,0.188542949
8/12/2003,-0.147546811,-0.329070042,6.348733224,0.722007177,-0.55402983,0.353622028
9/16/2003,-0.251247712,-0.191750201,1.619250182,1.104706434,1.701671336,0.388261061
10/28/2003,0.10958095,-0.13560259,3.19761723,-0.247820549,9.370111976,0.475728229
12/9/2003,-0.210500006,0.094999509,4.58398154,-0.35490673,13.43320769,0.358773708
1/28/2004,-0.315601705,0.140053366,10.46663995,-0.178923389,11.0883618,0.36014609
3/16/2004,-0.246350687,0.691731851,4.094492543,-0.462768153,9.352295358,0.543266252
5/4/2004,0.184321966,0.94807732,-1.476309927,-0.005236712,8.589285632,0.548045759
6/30/2004,-0.294122311,1.228358175,2.405935178,-0.182768053,-3.954226745,0.228602305
8/10/2004,-0.430460089,1.363659229,-5.151252754,-0.659800685,-5.176670418,0.236930921
9/21/2004,-0.058996384,1.401236601,-0.873919073,-0.632042143,1.014517411,0.067607653
11/10/2004,0.271279187,1.538521136,8.874971462,-0.553101011,7.128990919,0.191400407
12/14/2004,-0.20601193,1.550077006,6.43983825,-0.694356283,3.499347724,0.288559286
2/2/2005,-0.128507249,1.536816352,5.350789066,-0.729952953,-4.31651169,0.384341187
3/22/2005,0.021928235,1.523350343,-1.836414144,-0.344498206,12.02777843,0.370033566
5/3/2005,0.137736364,1.590636373,-1.06047651,-0.370222467,7.134405015,0.354924134
6/30/2005,-0.133333894,1.620410181,2.916648904,-0.632111325,-1.280046904,0.175082937
8/9/2005,0.010179685,1.923922983,4.216405748,-0.336467706,8.600373348,0.217837174
9/20/2005,-0.08464498,1.847452645,1.642970868,-0.112181732,9.269716024,0.154215479
11/1/2005,-0.151410614,1.65650762,-2.226059029,-0.11108339,5.824027783,0.165142627
12/13/2005,-0.041908283,1.888870775,1.514877464,-0.059979566,9.008829554,0.290755584
1/31/2006,-0.147076479,1.972421116,7.147243045,-0.278404074,4.650264399,0.239896781
3/28/2006,0.024378139,2.142822379,3.279186419,-0.035414755,-2.383453325,0.257131652
5/10/2006,-0.157469448,1.896788709,4.721307249,0.283904056,10.9977942,0.164693847
6/29/2006,-0.216122531,1.767089292,-4.366352813,-0.027942264,6.994676456,0.115225907
8/8/2006,-0.093134587,1.615103177,-2.819328795,-0.311389248,1.91154265,0.087980431
9/20/2006,-0.03091701,1.676636557,5.146744453,-0.133979451,-2.584846868,-0.008669193
10/25/2006,-0.164241527,1.62293747,8.834943784,-0.076168651,3.460179191,-0.038882332
12/12/2006,0.007344548,1.535232993,8.421025572,-0.199214918,9.555894146,-0.121178728
1/31/2007,-0.109129771,1.499489433,3.666574375,0.063214152,-0.538712925,-0.077053151
3/21/2007,-0.041873849,1.275316936,-0.043940988,0.043638575,0.813355983,-0.338761331
5/9/2007,-0.061810629,1.271886517,4.014595169,-0.011851027,8.016221512,-0.117364466
6/28/2007,0.00340273,1.263846796,4.677735113,0.338203736,3.437406638,0.393894994
8/7/2007,-0.105223232,0.961034822,-2.338104396,0.441067875,-1.189969898,-0.026586279
8/10/2007,-0.105223232,0.961034822,-3.690625656,0.50673627,0.774352287,-0.132936327
8/17/2007,-0.105223232,0.961034822,-6.176806583,0.667946313,-2.832176727,-0.273921699
9/18/2007,-0.228356743,0.925333049,-3.088633134,0.108403389,1.964857333,-0.65141628
10/31/2007,0.110041799,0.967926604,3.801543596,0.401697096,10.13715875,-0.307483432
12/11/2007,-0.020181037,0.831512097,4.204000214,0.693618912,8.224244775,-0.636128606
1/22/2008,-0.130335994,0.666275216,-14.9271633,0.741791555,6.862606709,-0.515283262
1/30/2008,-0.130335994,0.666275216,-10.6821648,0.967527112,8.124648504,-0.463571792
3/11/2008,-0.177348379,0.344154608,-13.86786723,1.163079401,21.43887229,-0.081063442
3/18/2008,-0.177348379,0.344154608,-14.62527298,1.093064608,15.71736877,-0.084181372
4/30/2008,0.063126606,0.139914407,4.434226275,0.373993273,11.69855378,-0.130406347
6/25/2008,-0.023742994,-0.26906789,-2.671907764,-0.338401397,12.56359385,-0.056836495
8/5/2008,-0.001892872,-0.582799661,-12.07702401,-0.103340252,-5.10454133,0.081452599
9/16/2008,-0.05280537,-0.97431127,-11.6352987,0.16687532,-25.9473061,0.041271302
10/8/2008,-0.131413963,-1.372849193,-22.87670366,0.7733148,-37.55807113,-0.085128522
10/29/2008,-0.131413963,-1.372849193,-27.18937018,1.297807118,-44.16904813,-0.17076099
11/25/2008,-0.100560177,-2.007122748,-41.67379389,1.12250629,-41.46966327,-0.159443535
12/1/2008,-0.399552605,-2.007122748,-35.7703195,0.960995997,-40.17207238,-0.186486239
12/16/2008,-0.399552605,-2.597111297,-36.54096777,0.760698092,-34.86684007,-0.090758625
1/28/2009,-0.017820315,-3.166129201,-5.863406544,-0.383523107,-9.885302322,0.370726856
3/18/2009,-0.026936854,-4.259200579,-14.46692036,-0.020880727,1.304572011,0.325449214
4/29/2009,-0.040057289,-4.608406787,2.751619699,0.118263079,5.188446675,0.519772239
6/24/2009,0.296368229,-4.981212441,15.24428341,1.255566193,12.06932145,0.227180072
8/12/2009,0.107200116,-5.036124265,6.773296761,0.501884812,8.431220113,0.247483065
9/23/2009,-0.013244225,-4.880954108,15.12544466,-0.190863069,6.933130806,0.278706383
11/4/2009,-0.068876132,-4.679572024,4.178263319,-0.097169969,6.922805381,0.569159464
12/16/2009,0.171287397,-3.808436674,5.433209538,0.132696955,8.568385187,0.580528181
1/27/2010,-0.195983555,-3.241150768,0.991006256,0.292703304,1.207997973,0.432700612
3/16/2010,0.006179775,-2.00268169,5.224945372,0.044406795,0.40284267,0.326324586
4/28/2010,-0.07084402,-1.298784009,8.086245914,-0.131772734,2.683669843,0.452423552
6/23/2010,-0.221764925,-0.380856699,-5.729633383,-0.525665584,-0.552639616,0.166481505
8/10/2010,-0.162684866,-0.0429303,-0.031914443,-0.744010185,4.736821157,-0.010079455
9/21/2010,0.044248524,0.072911753,2.361585954,-0.607048525,8.646986004,0.160710877
11/3/2010,0.13594185,0.42887404,5.840159605,-0.345749023,11.02093399,0.225299763
12/14/2010,-0.244551548,0.784233487,11.15276754,0.607358827,14.93172933,0.330623196
1/26/2011,-0.141286126,0.794206117,8.982180908,0.851948446,9.207058576,0.366438539
3/15/2011,-0.040057289,1.085223194,5.396864927,0.077693632,8.655562688,0.224317085
4/27/2011,-0.001989248,1.128712067,4.858422049,0.037130024,10.62324353,0.213740373
6/22/2011,-0.237376828,1.083686874,1.266950468,-0.326058574,-3.834749694,0.336532076
8/9/2011,0.022416632,1.301910284,-17.61597858,-0.909823221,-5.737958553,0.430897128
9/21/2011,-0.1648803,1.524282803,-5.61356258,-1.177372766,-2.435022082,0.410379964
11/2/2011,-0.068334555,1.468256521,-5.482720998,-0.726954622,-7.587400334,0.315661423
12/13/2011,-0.053239721,1.560789767,6.88270839,0.072652121,-11.0842553,0.293396898
1/25/2012,0.042680256,1.823726525,8.304930391,-0.18294144,0.37057105,0.499599573
3/13/2012,-0.011982294,1.860975111,8.570934488,-0.083373468,2.912341179,0.510291422
4/25/2012,-0.204468373,1.6788754,4.212204084,-0.115673989,-1.907464192,0.582078502
6/20/2012,-0.189315457,1.565028954,-3.344812509,-0.855440181,-9.295476242,0.241203482
8/1/2012,0.075424651,1.626186503,-1.727876562,-0.527576149,1.016204776,0.359235862
9/13/2012,-0.099580564,1.62859918,9.304135694,0.25176207,16.63983261,0.414398713
10/24/2012,-0.041914916,1.582992479,4.530322092,0.381647088,3.224029924,0.516483289
12/12/2012,0.071145721,1.631610822,-0.299307162,-0.037806558,-4.076380879,0.737331907
1/30/2013,-0.043757223,1.49871335,5.033596667,0.297787755,-0.399183167,0.772548752
3/20/2013,0.088990408,1.440807,8.0572439,0.242229294,-1.095995325,0.650173756
5/1/2013,0.000402651,1.518764964,6.104722017,-0.35403866,-4.020334681,0.543446921
6/19/2013,-0.019860318,1.677490675,5.673728457,0.41933958,-6.352724836,0.732703229
7/31/2013,-0.080363566,1.651500492,6.349355297,1.254193509,-8.504610548,0.767701448
9/18/2013,-0.058344134,1.698291707,4.685249123,0.873557172,-2.120212261,0.681658546
10/30/2013,-0.098500347,1.746766089,5.011924327,-0.151612955,1.464667917,0.63264729
12/18/2013,-0.00366205,1.687707752,4.795952981,-0.005464547,-1.003452806,0.788894372
1/29/2014,-0.261976125,1.68907827,2.606621664,0.337590367,-0.225839608,0.446312839
3/19/2014,0.007120467,1.677948121,4.928115437,-0.232978661,6.369654934,0.261610425
4/30/2014,0.090036169,1.768292054,4.800542108,-0.052227127,8.856548853,0.229632679
6/18/2014,-0.036449191,1.868275678,5.333369929,-0.058187826,-1.356974717,0.157684966
7/30/2014,0.089518977,1.94732143,5.560534779,-0.357521612,-9.160607417,0.085722652
9/17/2014,-0.190773701,1.984261004,3.193039297,-0.088473383,-8.940647195,0.072508471
10/29/2014,0.017237537,1.991121921,0.309792199,-0.145759334,-7.387050329,-0.231409861
12/17/2014,0.12404567,2.153919453,-0.575709898,-0.728223793,-11.154568,-0.450815629
1/28/2015,-0.009793109,2.162390236,5.179265391,-0.66916371,-13.3288983,-0.64826258
3/18/2015,0.066406285,2.106865832,2.348160729,-0.165378535,-11.29374,-0.32687521
4/29/2015,-0.251066202,2.074544958,3.021409802,0.236416264,3.586165805,-0.240764641
6/17/2015,0.055278601,2.038864744,2.067222598,0.396127385,5.038023698,0.225520063
7/29/2015,-0.059454128,2.076470018,-1.16079622,0.219501838,-9.092928172,-0.212925004
9/17/2015,-0.10862661,1.924569227,-4.369594768,-0.228501145,-10.78662134,-0.133263053
10/28/2015,-0.145437333,1.970486172,-0.0846734,-0.269548522,-4.525388753,-0.095249012
12/16/2015,-0.022559499,1.914389842,4.523796993,-0.162812229,-10.53648821,-0.135436057
1/27/2016,0.115380246,1.862072704,-5.880999987,-0.34365274,-12.35298346,-0.233564844
3/16/2016,0.045323753,1.924967639,-1.559748667,-0.232709189,3.961371012,-0.338435393
4/27/2016,-0.017445383,1.865685178,9.249820947,-0.049294928,14.8653456,-0.344652733
6/15/2016,-0.253646856,1.705101568,2.593433802,-0.278340614,14.33061903,-0.256921573
7/27/2016,0.150631785,1.765423097,3.642938586,-0.438013859,0.712262889,-0.244653552
9/21/2016,-0.086695836,1.874432582,3.255588627,-0.090898846,-3.465324146,0.109144322
11/2/2016,-0.060727805,1.729257922,-2.761146249,0.209418942,4.061157835,-0.031924505
12/14/2016,-0.050384218,1.616063734,5.087354438,0.741973891,8.974715596,0.242371159
2/1/2017,0.035442113,1.674334048,6.314035103,0.549254368,4.077318652,-0.021353871
3/15/2017,0.006202006,1.593095209,5.388985157,-0.135572055,-2.418189978,-0.270951189
5/3/2017,-0.007577052,1.59918451,4.118502063,-0.398626467,-1.703188179,-0.481383985
6/14/2017,-0.118582987,1.67651461,2.815507025,-0.606806965,-1.222124767,-0.31396864
7/26/2017,0.038359661,1.546245601,5.32428837,-0.170142474,-0.762197404,0.113806387
9/20/2017,-0.08257773,1.397407438,2.976048733,0.058830011,6.380711348,-0.315392981
11/1/2017,-0.109681343,1.42636634,4.161088316,-0.109251537,4.431326284,-0.205409093
12/13/2017,0.01420121,1.444051161,6.834665415,-0.211462982,0.155802174,-0.109788875
1/31/2018,-0.012980769,1.385690866,9.870487291,-0.13717752,6.288155157,0.050806823
3/21/2018,0.140535062,1.570810789,2.010921099,0.166046097,4.130348559,-0.26221575
5/2/2018,-0.092248711,1.52618748,-7.894223021,-0.12454545,0.614772645,-0.101053572
6/13/2018,0.013702545,1.607927937,0.010048742,-0.156993882,3.156099005,-0.074179742
8/1/2018,-0.102100302,1.520016283,5.337569876,-0.204637838,-4.567378148,-0.127401679
9/26/2018,-0.026665858,1.586590399,5.668808928,-0.072156718,-1.407661121,-0.253596324
11/8/2018,0.046843226,1.511190751,-1.571167331,-0.005579293,-0.589495211,-0.079004454
12/19/2018,-0.111873623,1.537705356,-13.18401916,-0.205620731,-4.043448687,-0.359636309
1/30/2019,0.171779573,1.611621646,-3.743077498,-0.326488824,-4.9642695,-0.671916111
3/20/2019,-0.308148256,1.349765112,6.622109302,-0.103181401,2.636185235,-0.505792153
5/1/2019,0.077754644,1.452126582,10.02766366,0.042133398,2.076683026,-0.633843522
6/19/2019,-0.202640714,1.254194253,3.319684713,-0.113469949,-3.777698024,-0.762872563
7/31/2019,-0.040057289,1.277538078,2.462725247,-0.160950308,-1.676326337,-0.161682247
9/18/2019,-0.092952604,1.334802991,4.029950342,-0.157118244,2.529891813,-0.459523431
10/11/2019,-0.053264169,1.285127293,-1.852635467,-0.220231928,-2.859030297,-0.281061418
10/30/2019,-0.053264169,1.285127293,0.525596791,0.023844116,2.175063834,-0.218309782
12/11/2019,0.103280603,1.316977696,5.044150558,0.308185481,2.108892829,-0.20309326
1/29/2020,-0.068042409,1.305589733,8.657859245,-0.017027605,-3.067782259,-0.280159945
3/3/2020,0.120742215,1.473119705,-1.39497184,-0.056866975,-6.500003965,-0.555280481
3/15/2020,0.120742215,0.398420129,-14.56103798,0.161619836,-16.4647577,-0.706479182
4/29/2020,-0.811754243,-14.37901519,-14.05425892,0.200641579,-19.35953761,-0.175548785
6/10/2020,18.50954335,-9.134626203,7.603237122,0.379547955,-1.00134731,-0.262679527
7/29/2020,2.515560525,-8.05491211,12.62412498,-0.048472296,16.97473412,-0.148105982
9/16/2020,0.041569422,-6.548811246,11.18399333,-0.045256126,15.00688308,0.307631224
11/5/2020,0.010809899,-6.125328565,4.057769927,0.251717143,7.118194057,0.470569365
12/16/2020,-0.400706204,-6.285214125,8.795522891,0.327444581,7.73996997,0.698752116
1/27/2021,-0.355591966,-6.184839391,11.37945155,0.257496817,10.32011506,0.591970063
3/17/2021,0.268327687,-4.506405533,7.59683468,0.974846257,14.49232609,0.673707121
4/28/2021,0.354915146,10.32566971,8.606256424,0.822755653,11.74023643,0.398232684
6/16/2021,-0.222689656,5.756106424,7.408816892,-0.146833852,7.724753606,0.486220034
7/28/2021,0.210119869,5.248500081,5.158439831,-0.503228523,4.784543093,0.228580701
9/22/2021,-0.839363375,4.105840588,4.407418527,-0.191693711,4.238173648,0.309685204
11/3/2021,0.094496988,4.198121875,5.40150974,0.324750756,9.760346056,0.428313662
12/15/2021,-0.597748326,4.949544216,3.633556621,-0.157072124,-3.678618171,0.21899588
1/26/2022,-0.448795347,4.843923979,-4.342128257,-0.311121903,-0.419445206,0.336789961
3/16/2022,0.380622989,4.804843094,-9.076876769,-0.32661836,22.51759822,-0.040071672
5/4/2022,0.029148071,4.753444949,-5.958780907,-0.19521496,15.70886339,0.039434445
6/13/2022,0.070166573,4.377235171,-9.22604632,0.080735419,5.070810704,-0.016006306
6/15/2022,0.070166573,4.377235171,-11.82338844,-0.080520611,2.99287067,0.034608107
7/27/2022,0.135439222,4.196634594,-11.38031408,-0.838926417,-8.97556159,0.115687964
9/21/2022,-0.007453864,3.852082199,5.030103445,-0.747921104,-8.65047318,0.097860252
11/2/2022,0.063848655,3.533801092,-6.586421999,0.059611293,-4.578343333,0.160943716
12/14/2022,0.070130152,2.995781663,-2.232800837,-0.802493934,-6.652300845,0.039175556
2/1/2023,0.474947847,3.132946055,6.224185724,-0.769721675,-0.919922321,0.021991843
3/22/2023,0.101732775,2.495912831,0.188793987,0.184763804,-8.081367243,-0.020361285
5/3/2023,0.067687392,2.433695111,1.197063886,0.135745098,-7.762640489,-0.452144037
6/14/2023,0.195992919,2.282854535,12.34573467,-0.45998672,-4.072496949,-0.310857544
7/26/2023,-0.070516875,1.921966315,10.07306755,-0.267896059,0.367447208,-0.052736963
9/20/2023,-0.014457204,1.820949017,0.408360889,0.49325796,4.433830859,0.015125016
11/1/2023,-0.081565998,1.679628963,-9.004621277,1.001201336,1.142688895,-0.072995521
12/13/2023,-0.012941406,1.666780216,3.42246729,0.273863039,-9.457113865,-0.379402185
1/31/2024,0.209747176,1.455310472,16.23886686,-0.364770588,-6.094527854,-0.337336392
3/20/2024,0.082285337,1.500565433,9.544747535,0.247297877,1.911210953,-0.087289038
5/1/2024,-0.133583874,1.436345464,2.915985411,0.118230299,5.394348536,-0.046306923
6/12/2024,0.099269407,1.30281715,4.794320326,0.081441258,6.566498442,-0.10820626
7/31/2024,-0.136529053,1.263622548,7.404911653,-0.04580773,-7.966029436,-0.145753507
9/18/2024,-0.073253962,1.258565849,3.629491831,0.444331482,-3.502936564,-0.290136754
11/7/2024,-0.188385433,1.242086509,12.35351353,0.546760469,6.259552173,0.171393533
12/18/2024,-0.024303663,1.273950975,7.150096149,0.475749073,1.734758413,-0.053426193
1/29/2025,0.103009371,1.267962144,3.633285098,0.388010077,1.192644704,0.045078457
3/19/2025,-0.051047688,1.109887905,-7.217990523,0.043389863,7.549402331,-0.392192485
5/7/2025,0.030472083,1.023710403,-7.449192736,0.09245549,-0.086966551,-0.54495021
6/18/2025,-0.02908736,0.960449035,5.917925577,0.136346042,2.539998994,
7/30/2025,0.021065866,0.949886518,14.9759283,-0.082836976,0.743651812,
9/17/2025,-0.124664939,0.804642176,8.881887668,-0.038758512,0.693348894,
10/29/2025,0.057019091,0.804642176,7.550199218,0.079082826,6.260614192,
12/10/2025,,0.586478764,5.180652649,0.160313331,9.876532272,
