datestr,mp1,tffrm,possible,MPS,MPS_ORTH,NFP_SURP,NFP_12M,SP500_3M,SLOPE_3M,BCOM_3M,TR_SKEW,fomcdatestr,multsch,NS,BRW,SP500,SP500FUT,MP1_RAW,schedstr,liststr,FF4
2/1/1988,,-0.125,1,0.012,-0.0183,0.151,0.0301,0.0017,-0.82,0.0171,0.2353,2/11/1988,1,,,-0.04682,-0.11685,,2/11/1988,"2/4/1988, 2/5/1988, 2/11/1988",
3/1/1988,,0,1,0.0131,-0.0386,0.331,0.0321,0.0314,-0.17,0.0277,0.725,3/30/1988,0,,,,,,,3/30/1988,
4/1/1988,,0.25,1,0.0615,0.0095,0.062,0.0323,0.0568,-0.27,0.0277,0.7065,4/5/1988,1,,,-0.06204,0,,,"4/4/1988, 4/5/1988, 4/6/1988",
5/1/1988,,0.5,1,0.1832,0.1587,-0.08,0.0314,0.0207,0.22,0.0319,0.4207,5/18/1988,1,,,-0.15283,-0.13719,,5/18/1988,"5/9/1988, 5/10/1988, 5/18/1988, 5/19/1988, 5/20/1988, 5/25/1988, 5/26/1988",
6/1/1988,,0.1875,1,0.0288,-0.0062,-0.0135,0.0313,0.0136,-0.14,0.1283,0.1736,6/17/1988,1,,,-0.0518,-0.1285,,,"6/17/1988, 6/20/1988",
7/1/1988,,0.25,1,0.073,0.0299,-0.0135,0.0331,0.0504,-0.65,0.0961,0.1621,7/1/1988,1,,,-0.07335,-0.14593,,7/1/1988,"7/1/1988, 7/19/1988, 7/20/1988",
8/1/1988,,0.4375,1,0.1926,0.1547,0.035,0.0318,0.0423,-0.48,0.0322,0.3642,8/17/1988,1,,,-0.2335,-0.32514,,8/17/1988,"8/9/1988, 8/9/1988, 8/17/1988",
9/1/1988,,0,1,-0.0047,-0.0045,-0.01,0.0313,-0.0035,-0.74,-0.1183,0.1369,9/21/1988,0,,,0.09642,0.11007,,9/21/1988,9/21/1988,
10/1/1988,,0,0,0,0,,,,,,,10/1/1988,0,,,,,,,10/1/1988,
11/1/1988,0.03214,0.25,1,0.0968,0.0766,-0.0275,0.03,0.0249,-0.78,-0.0537,0.2808,11/2/1988,1,,,0.10404,0.16073,0.03214,11/2/1988,"11/2/1988, 11/7/1988, 11/8/1988",
12/1/1988,0.01937,0.3125,1,0.0501,0.0218,0.213,0.0309,0.029,-0.71,-0.009,0.2216,12/15/1988,0,,,0,-0.23333,0.01937,12/15/1988,12/15/1988,
1/1/1989,0,0.3125,1,0.0391,-0.0032,0.029,0.0307,0.0313,-0.61,0.0896,0.2555,1/10/1989,1,,,0.04637,-0.08841,0,,"1/6/1989, 1/9/1989, 1/10/1989",
2/1/1989,0.02,0.75,1,0.1481,0.0991,0.153,0.0323,0.0777,-0.98,0.0346,0.285,2/14/1989,1,,,-0.01022,-0.15243,0.02,2/9/1989,"2/9/1989, 2/14/1989, 2/23/1989, 2/24/1989, 2/24/1989",
3/1/1989,-0.07,0,1,-0.0132,-0.0475,0.0465,0.0304,0.05,-0.68,0.029,0.226,3/29/1989,0,,,0.0137,0.08447,-0.07,3/29/1989,3/29/1989,
4/1/1989,0,0,0,0,0,,,,,,,4/1/1989,0,,,,,0,,4/1/1989,
5/1/1989,-0.02214,0.0625,1,-0.0067,-0.0329,-0.103,0.0288,0.0766,-0.06,0.0353,0.2401,5/17/1989,0,,,0.01584,0.03149,-0.02214,5/17/1989,5/17/1989,
6/1/1989,-0.0125,-0.25,1,-0.0436,-0.0716,-0.099,0.0277,0.1049,-0.55,-0.0209,0.2471,6/6/1989,1,,,0.09882,0.21545,-0.0125,,6/6/1989,
7/1/1989,-0.03583,-0.5,1,-0.053,-0.0619,-0.0175,0.0253,0.0851,0.02,-0.0456,0.1867,7/7/1989,1,,,0.27878,0.41364,-0.02583,7/7/1989,"7/7/1989, 7/25/1989, 7/26/1989, 7/27/1989",
8/1/1989,0,0,1,-0.0147,-0.0175,0.009,0.0236,0.0603,-0.07,-0.0191,0.0107,8/23/1989,0,,,0.09061,-0.04368,0,8/23/1989,8/23/1989,
9/1/1989,0,0,0,0,0,,,,,,,9/1/1989,0,,,,,0,,9/1/1989,
10/1/1989,-0.17223,-0.3125,1,0.0545,0.0447,0.042,0.022,0.1093,0.32,0.0096,0.0762,10/16/1989,1,,,0.8095,0.96048,-0.20667,10/4/1989,"10/4/1989, 10/16/1989, 10/19/1989",
11/1/1989,-0.12435,-0.25,1,0.0252,0.0331,0.078,0.0205,-0.0334,0.05,0.0461,-0.1395,11/7/1989,1,,,0.33369,0.59782,-0.10435,11/15/1989,"11/7/1989, 11/8/1989, 11/9/1989, 11/15/1989",
12/1/1989,-0.16909,-0.25,1,-0.0203,-0.0268,0.045,0.0198,-0.0124,-0.32,0.0346,0.0466,12/20/1989,0,,,0.3031,0.15819,-0.16909,12/20/1989,12/20/1989,
1/1/1990,0,0,0,0,0,,,,,,,1/1/1990,0,,,,,0,,1/1/1990,
2/1/1990,-0.014,0,1,0.0199,0.0244,0.1025,0.0187,-0.0115,0.51,0.0251,0.1282,2/8/1990,0,,,-0.1519,-0.28154,-0.014,2/8/1990,2/8/1990,-0.02
3/1/1990,0,0,1,-0.0159,-0.0053,0.1495,0.0185,-0.0096,0.42,0.0003,0.0379,3/28/1990,0,,,-0.17591,-0.10154,0,3/28/1990,3/28/1990,-0.02
4/1/1990,0,0,0,0,0,,,,,,,4/1/1990,0,,,,,0,,4/1/1990,0
5/1/1990,0,0,1,-0.0083,-0.0052,-0.306,0.0173,0.0601,0.23,0.0188,0.0351,5/16/1990,0,,,0.05109,0.25427,0,5/16/1990,5/16/1990,0
6/1/1990,0,0,0,0,0,,,,,,,6/1/1990,0,,,,,0,,6/1/1990,0
7/1/1990,-0.13777,-0.25,1,-0.0086,-0.0113,-0.0685,0.0168,0.0578,-0.1,-0.027,0.151,7/13/1990,1,,,0.0407,-0.10744,-0.13777,7/5/1990,"7/5/1990, 7/13/1990",-0.1
8/1/1990,0,0,1,0.0129,0.0233,-0.219,0.0161,-0.097,0.35,0.1019,0.0283,8/22/1990,0,,,0.19733,0.07786,0,8/22/1990,8/22/1990,0
9/1/1990,0,0,0,0,0,,,,,,,9/1/1990,0,,,,,0,,9/1/1990,0
10/1/1990,-0.01893,-0.25,1,0.0129,0.0111,-0.042,0.0106,-0.1273,0.84,0.1541,0.3823,10/29/1990,0,,,-0.52277,-0.53637,-0.03,10/3/1990,"10/3/1990, 10/29/1990",-0.02999
11/1/1990,0.01875,-0.25,1,0.0391,0.0358,-0.046,0.0082,-0.0645,0.12,0.0266,0.4918,11/14/1990,0,,,-0.01568,-0.07803,0.01875,11/14/1990,"11/14/1990, 11/15/1990, 11/16/1990",0.01
12/1/1990,-0.30504,-0.5,1,-0.0846,-0.0767,-0.192,0.0043,0.0143,-0.26,-0.102,0.4678,12/19/1990,1,,,0.03332,0.07516,0,12/19/1990,"12/7/1990, 12/18/1990, 12/19/1990",-0.19
1/1/1991,-0.13478,-0.25,1,-0.1011,-0.0843,0.075,0.003,0.0129,0.04,-0.1684,0.5596,1/8/1991,1,,,0.36169,0.48769,-0.13478,,1/8/1991,-0.1
2/1/1991,-0.07259,-0.5,1,-0.0681,-0.0486,-0.23,-0.0013,0.1304,0.37,-0.1755,0.4833,2/1/1991,1,,,-0.04952,-0.4216,-0.02904,2/7/1991,"2/1/1991, 2/1/1991, 2/7/1991",-0.21
3/1/1991,-0.04695,-0.25,1,-0.0715,-0.0582,-0.077,-0.0064,0.1483,0.84,-0.0676,0.3709,3/27/1991,1,,,0.12454,0.22335,-0.02,3/27/1991,"3/8/1991, 3/27/1991",-0.06
4/1/1991,-0.18,-0.25,1,-0.144,-0.1353,-0.06,-0.0098,0.1099,0.68,0.005,0.2968,4/30/1991,1,,,0.87611,0.91519,-0.192,,"4/30/1991, 4/30/1991",-0.19
5/1/1991,0.01938,0,1,0.0179,0.0418,0.011,-0.0121,0.0336,0.72,-0.0156,0.2732,5/15/1991,0,,,-0.24255,-0.08057,0.01938,5/15/1991,5/15/1991,-0.02
6/1/1991,0,0,0,0,0,,,,,,,6/1/1991,0,,,,,0,,6/1/1991,0
7/1/1991,0,0,1,0.0182,0.0551,-0.1,-0.0139,-0.0164,0.45,-0.0531,0.224,7/4/1991,0,,,,,0,7/4/1991,7/5/1991,0.01
8/1/1991,-0.062,-0.25,1,-0.0858,-0.0666,-0.101,-0.014,0.0119,-0.05,-0.0173,0.2303,8/6/1991,1,,,0.36092,0.60759,-0.186,8/21/1991,"8/6/1991, 8/21/1991",-0.08
9/1/1991,-0.05294,-0.25,1,0.032,0.0428,-0.006,-0.012,0.0164,-0.29,0.0328,0.0776,9/13/1991,1,,,0.11105,-0.12814,-0.05294,,"9/13/1991, 9/13/1991",0
10/1/1991,-0.0407,-0.25,1,0.0189,0.0238,-0.006,-0.0109,0.0475,-0.32,0.055,0.0168,10/30/1991,1,,,0.02805,0,-0.03001,10/2/1991,"10/2/1991, 10/30/1991",-0.04
11/1/1991,-0.1,-0.25,1,-0.0693,-0.0506,-0.026,-0.0093,0.0094,0.27,0.0532,0.015,11/6/1991,0,,,0.06689,-0.11554,-0.1,11/6/1991,"11/6/1991, 11/6/1991",-0.12
12/1/1991,-0.31866,-0.75,1,-0.2404,-0.2061,-0.211,-0.0085,-0.0328,0.43,-0.0102,0.118,12/20/1991,1,,,0.31868,1.02194,-0.37898,12/18/1991,"12/6/1991, 12/18/1991, 12/20/1991, 12/20/1991",-0.25
1/1/1992,0,0,0,0,0,,,,,,,1/1/1992,0,,,,,0,,1/1/1992,0
2/1/1992,0.01261,0,1,0.0064,0.0332,0.081,-0.0063,0.056,0.52,-0.054,0.1153,2/6/1992,0,,,0.03621,0,0.01261,2/6/1992,2/6/1992,0
3/1/1992,0,0,0,0,0,,,,,,,3/1/1992,0,,,,,0,,3/1/1992,0
4/1/1992,-0.20394,-0.25,1,-0.2148,-0.1932,0.14,-0.0019,-0.0068,0.64,0.0293,0.0581,4/9/1992,1,,,0.75332,0.86548,-0.21429,4/2/1992,"4/1/1992, 4/9/1992",-0.2
5/1/1992,0,0,1,0.0342,0.0401,0.051,0.0015,0.0094,0.04,0.0295,0.12,5/20/1992,0,,,-0.04802,-0.024,0,5/20/1992,5/20/1992,0.00999
6/1/1992,0,0,0,0,0,,,,,,,6/1/1992,0,,,,,0,,6/1/1992,0
7/1/1992,-0.08552,-0.5,1,0.0461,0.0524,-0.212,0.0035,0.0242,0.12,0.035,0.1326,7/2/1992,0,,,0.22288,-0.03629,-0.08552,7/2/1992,7/2/1992,-0.3
8/1/1992,0.02583,0,1,0.0064,0.0064,0.088,0.0047,0.0271,-0.24,0.0057,0.1324,8/19/1992,0,,,0.02617,0.02379,0.02583,8/19/1992,8/19/1992,0.01
9/1/1992,0,-0.25,1,-0.0078,0.0052,-0.233,0.0057,0.0081,-0.23,-0.0203,0.0823,9/4/1992,1,,,-0.00719,0,0,,9/4/1992,0.01
10/1/1992,0,0,1,0.0168,0.0288,-0.007,0.0057,-0.0162,-0.08,-0.0024,0.0885,10/7/1992,0,,,-0.19372,-0.07365,0,10/7/1992,10/7/1992,0.01
11/1/1992,-0.04999,0,1,0.0113,0.0292,0.002,0.0071,-0.0035,0.28,-0.0185,0.0894,11/18/1992,0,,,0.19022,0.35591,-0.04999,11/18/1992,11/18/1992,0
12/1/1992,0.03873,0,1,0.0025,0.0084,0.045,0.009,0.0421,-0.14,-0.0506,0.1549,12/23/1992,0,,,-0.07718,-0.1019,0.03873,12/23/1992,12/23/1992,-0.01
1/1/1993,0,0,0,0,0,,,,,,,1/1/1993,0,,,,,0,,1/1/1993,0
2/1/1993,0,0,1,0.0073,0.0005,-0.027,0.0131,0.0659,-0.34,-0.0281,0.1795,2/4/1993,0,,,-0.05131,-0.07802,0,2/4/1993,2/4/1993,-0.02
3/1/1993,0,0,1,0.009,-0.003,0.243,0.0159,0.0302,-0.45,0.0177,0.064,3/24/1993,0,,,-0.0844,-0.14413,0,3/24/1993,3/24/1993,0
4/1/1993,0,0,0,0,0,,,,,,,4/1/1993,0,,,,,0,,4/1/1993,0
5/1/1993,-0.02583,0,1,-0.0094,-0.0163,-0.031,0.0163,-0.0096,-0.27,0.0272,0.1649,5/19/1993,0,,,0.16628,0.19366,-0.02583,5/19/1993,5/19/1993,-0.02
6/1/1993,0,0,0,0,0,,,,,,,6/1/1993,0,,,,,0,,6/1/1993,0
7/1/1993,0.02696,0,1,-0.0057,-0.0183,-0.137,0.0185,0.0033,-0.4,0.0266,0.2103,7/8/1993,0,,,0.31433,0.23544,0.02696,7/8/1993,7/8/1993,0
8/1/1993,0,0,1,0.0155,-0.0031,0.012,0.0206,0.0304,-0.45,0.0056,0.2532,8/18/1993,0,,,-0.05693,-0.09854,0,8/18/1993,8/18/1993,0.01
9/1/1993,0,0,1,0.0028,-0.005,-0.189,0.0208,0.0207,-0.26,-0.0009,0.1923,9/22/1993,0,,,0.0022,-0.01097,0,9/22/1993,9/22/1993,0.01
10/1/1993,0,0,0,0,0,,,,,,,10/1/1993,0,,,,,0,,10/1/1993,0
11/1/1993,0.02308,0,1,0.0091,-0.0033,0.017,0.0235,0.0312,-0.12,-0.0072,0.2342,11/17/1993,0,,,0.04721,-0.08583,0.02308,11/17/1993,11/17/1993,0
12/1/1993,0,0,1,0.0059,-0.0043,0.037,0.0245,0.0223,0.22,0.0043,0.2688,12/22/1993,0,,,0.01719,-0.03212,0,12/22/1993,12/22/1993,-0.01
1/1/1994,0,0,0,0,0,,,,,,,1/1/1994,0,,0,,,0,,1/1/1994,0
2/1/1994,0.16333,0.25,1,0.1603,0.1369,-0.118,0.0252,0.0259,0.09,0.0604,0.3325,2/4/1994,0,,0.1116802,-0.64105,-0.7626,0.16333,2/4/1994,2/4/1994,0
3/1/1994,-1.00E-05,0.25,1,-0.0457,-0.0643,0.067,0.0245,0.0112,0.17,0.0413,0.3194,3/22/1994,0,,-0.0270178,0.29613,0.28682,-0.00001,3/22/1994,3/22/1994,0
4/1/1994,0.15001,0.25,1,0.0996,0.0951,0.2265,0.0291,-0.0608,0.54,0.0045,0.3574,4/18/1994,1,,0,-0.68128,-0.78502,0.15001,,4/18/1994,0.12
5/1/1994,0.11072,0.5,1,-0.0474,-0.0641,0.092,0.0294,-0.0617,0.37,0.0624,0.3897,5/17/1994,0,,-0.0146277,0.52219,0.52646,0.11072,5/17/1994,5/17/1994,0.05
6/1/1994,0,0,0,0,0,,,,,,,6/1/1994,0,,0,,,0,,6/1/1994,0
7/1/1994,-0.0496,0,1,0.0101,-0.0305,-0.084,0.031,0.0018,-0.33,0.0758,0.4749,7/6/1994,0,,-0.0156539,-0.22844,-0.07824,-0.0496,7/6/1994,7/6/1994,0
8/1/1994,0.12399,0.5,1,0.0324,-0.0005,0.049,0.0314,0.0386,-0.35,0.0082,0.4002,8/16/1994,0,,0.0284568,0.25704,0.1836,0.12399,8/16/1994,8/16/1994,0
9/1/1994,-0.09,0,1,-0.0047,-0.0354,-0.0535,0.0326,0.0246,-0.25,0.0053,0.4485,9/27/1994,0,,-0.0382968,-0.17136,-0.26979,-0.09,9/27/1994,9/27/1994,-0.03
10/1/1994,0,0,0,0,0,,,,,,,10/1/1994,0,,0,,,0,,10/1/1994,0
11/1/1994,0.12,0.75,1,0.0461,0.0269,-0.051,0.0328,0.0088,-0.1,0.0368,0.1789,11/15/1994,0,,0.0445868,-0.44889,-0.91315,0.12,11/15/1994,11/15/1994,0.08
12/1/1994,-0.22546,0,1,0.0067,-0.0196,0.1,0.0341,-0.0286,-0.71,0.0169,0.227,12/20/1994,0,,-0.0497935,0.10486,0,-0.22546,12/20/1994,12/20/1994,-0.05
1/1/1995,0,0,0,0,0,,,,,,,1/1/1995,0,0,0,,,0,,1/1/1995,0
2/1/1995,0.06223,0.5,1,0.0646,0.0293,-0.004,0.0341,0.0098,-1.09,0.008,0.2494,2/1/1995,0,0.041876704,0.0164437,-0.25438,-0.17962,0.06223,2/1/1995,2/1/1995,0
3/1/1995,-0.01,0,1,0.0326,-0.016,0.086,0.0341,0.0906,-0.94,0.0213,0.2993,3/28/1995,0,0.028769113,0.0296726,-0.15511,-0.08885,-0.01,3/28/1995,3/28/1995,0.02
4/1/1995,0,0,0,0,0,,,,,,,4/1/1995,0,0,0,,,0,,4/1/1995,0
5/1/1995,1.00E-05,0,1,0.0023,-0.0351,-0.159,0.0302,0.0762,-0.85,0.0308,0.2212,5/23/1995,0,0.000864468,-0.0303467,-0.04189,0,0.00001,5/23/1995,5/23/1995,0
6/1/1995,0,0,0,0,0,,,,,,,6/1/1995,0,0,0,,,0,,6/1/1995,0
7/1/1995,-0.1116,-0.25,1,-0.2449,-0.2615,-0.2735,0.0263,0.0889,-0.73,-0.0367,0.1125,7/6/1995,0,-0.151026458,-0.0891046,0.2993,0.33528,-0.1116,7/6/1995,7/6/1995,-0.15
8/1/1995,0.03443,0,1,0.0642,0.0558,-0.07,0.0239,0.0715,0.2,-0.0018,0.152,8/22/1995,0,0.035412036,0.016989,-0.18269,-0.17867,0.03443,8/22/1995,8/22/1995,0
9/1/1995,0.03001,0,1,0.0765,0.0713,0.084,0.0236,0.0543,0.34,0.0228,0.0483,9/26/1995,0,0.045814801,0.0250919,-0.16138,-0.28127,0.03001,9/26/1995,9/26/1995,0.03
10/1/1995,0,0,0,0,0,,,,,,,10/1/1995,0,0,0,,,0,,10/1/1995,0
11/1/1995,0.03999,0,1,0.0447,0.0267,-0.014,0.022,0.0514,-0.53,0.0341,0.0381,11/15/1995,0,0.011731825,0.0345661,-0.06111,-0.05076,0.03999,11/15/1995,11/15/1995,0
12/1/1995,-0.09041,-0.25,1,-0.0282,-0.036,0.006,0.0196,0.0394,-0.23,0.0321,-0.0083,12/19/1995,0,-0.038212668,-0.0269975,0.25709,0.26922,-0.09041,12/19/1995,12/19/1995,-0.05
1/1/1996,-0.03,-0.25,1,-0.0303,-0.0439,0.011,0.0183,0.0886,-0.06,0.0398,0.0336,1/31/1996,0,-0.019711517,-0.0477918,0.05541,0.05523,-0.03,1/31/1996,1/31/1996,-0.02
2/1/1996,0,0,0,0,0,,,,,,,2/1/1996,0,0,0,,,0,,2/1/1996,0
3/1/1996,0.02,0,1,0.0364,0.0212,0.4085,0.0173,0.0703,0.46,0.0607,0.1187,3/26/1996,0,0.016595202,-0.0055255,0.15989,0.09139,0.02,3/26/1996,3/26/1996,-0.01
4/1/1996,0,0,0,0,0,,,,,,,4/1/1996,0,0,0,,,0,,4/1/1996,0
5/1/1996,0.0155,0,1,0.0233,0.0147,-0.1255,0.0177,0.033,0.58,0.0741,0.2232,5/21/1996,0,0.017145334,0.0017261,-0.19289,-0.2515,0.0155,5/21/1996,5/21/1996,0.01
6/1/1996,0,0,0,0,0,,,,,,,6/1/1996,0,0,0,,,0,,6/1/1996,0
7/1/1996,-0.06643,0,1,-0.0217,-0.0186,0.178,0.021,0.0426,0.39,-0.0531,0.2009,7/3/1996,0,-0.014229981,-0.0154483,0.1534,0.05908,-0.06089,7/3/1996,7/3/1996,-0.03
8/1/1996,-0.04932,0,1,0.0116,0.0142,0.003,0.0222,0.0026,-0.06,-0.0483,0.1789,8/20/1996,0,0.002571756,-0.0063903,-0.1306,-0.05991,-0.02818,8/20/1996,8/20/1996,0.005
9/1/1996,-0.13,0,1,-0.0756,-0.0887,0.0125,0.0215,0.0362,-0.19,0.0121,0.1712,9/24/1996,0,-0.070253529,-0.0219675,0.00873,-0.06494,-0.13,9/24/1996,9/24/1996,-0.12
10/1/1996,0,0,0,0,0,,,,,,,10/1/1996,0,0,0,,,0,,10/1/1996,0
11/1/1996,0,0,1,-0.0105,-0.0326,0.015,0.0221,0.0915,-0.39,-0.0033,0.1957,11/13/1996,0,-0.0103695,-0.0036063,0.25457,0.28636,0,11/13/1996,11/13/1996,-0.01
12/1/1996,0,0,1,0.0086,-0.0057,-0.057,0.0233,0.0577,-0.11,0.0318,0.093,12/17/1996,0,0.006649179,0.0134318,-0.06073,-0.16391,0,12/17/1996,12/17/1996,-0.01
1/1/1997,0,0,0,0,0,,,,,,,1/1/1997,0,0,0,,,0,,1/1/1997,0
2/1/1997,-0.03043,0,1,0.015,-0.0168,0.087,0.0254,0.1125,0.24,0.0571,0.2825,2/5/1997,0,0.008985241,0.0024367,-0.30367,-0.35273,-0.03043,2/5/1997,2/5/1997,0
3/1/1997,0.05,0.25,1,0.0757,0.0538,0.116,0.0245,0.078,0.08,0.0089,0.2836,3/25/1997,0,0.044756092,0.0339281,-0.45395,-0.49969,0.05,3/25/1997,3/25/1997,0.05
4/1/1997,0,0,0,0,0,,,,,,,4/1/1997,0,0,0,,,0,,4/1/1997,0
5/1/1997,-0.09864,0,1,-0.0534,-0.0703,-0.056,0.0259,0.0261,0.15,0.0567,0.1983,5/20/1997,0,-0.048614208,-0.0336061,0.48372,0.41779,-0.09864,5/20/1997,5/20/1997,-0.09
6/1/1997,0,0,0,0,0,,,,,,,6/1/1997,0,0,0,,,0,,6/1/1997,0
7/1/1997,-0.02672,0,1,0.0083,-0.0078,-0.087,0.0251,0.1629,-0.31,-0.074,0.1454,7/2/1997,0,0.001793452,0.005027,0.1788,0.19931,-0.02672,7/2/1997,7/2/1997,-0.02
8/1/1997,0,0,1,0.0127,0.0096,0.118,0.0255,0.0805,-0.35,-0.0892,0.0596,8/19/1997,0,0.005001738,0.0256949,-0.37221,-0.48649,0,8/19/1997,8/19/1997,0
9/1/1997,-0.015,0,1,0.0042,-0.015,-0.031,0.0238,0.0759,-0.23,0.0293,0.1029,9/30/1997,0,0.00207215,-0.0213376,-0.19196,-0.25975,-0.01,9/30/1997,9/30/1997,-0.015
10/1/1997,0,0,0,0,0,,,,,,,10/1/1997,0,0,0,,,0,,10/1/1997,0
11/1/1997,-0.05,0,1,-0.0212,-0.0285,0.074,0.0267,-0.0142,-0.49,0.0061,0.0055,11/12/1997,0,-0.017779069,0.0012441,-0.3511,-0.49957,-0.05,11/12/1997,11/12/1997,-0.02
12/1/1997,0.01033,0,1,0.0024,-0.0068,0.204,0.0268,0.0418,-0.65,-0.0399,-0.0332,12/16/1997,0,-0.003004104,0.0025079,-0.08456,-0.17323,0,12/16/1997,12/16/1997,0
1/1/1998,0,0,0,0,0,,,,,,,1/1/1998,0,0,0,,,0,,1/1/1998,0
2/1/1998,0.035,0,1,0.0279,0.0257,0.17,0.028,0.0903,-0.4,-0.0846,-0.0724,2/4/1998,0,0.012015754,-0.0203432,-0.19164,-0.30652,0.035,2/4/1998,2/4/1998,0.01
3/1/1998,-0.0075,0,1,0.0094,-0.0042,0.06,0.0271,0.1523,0.23,-0.0243,0.0576,3/31/1998,0,-0.001114175,-0.0154934,-0.13567,-0.05374,-0.005,3/31/1998,3/31/1998,-0.005
4/1/1998,0,0,0,0,0,,,,,,,4/1/1998,0,0,0,,,0,,4/1/1998,0
5/1/1998,-0.03875,0,1,-0.0077,-0.0079,-0.008,0.0255,0.0767,0.17,-0.065,0.1366,5/19/1998,0,-0.006227639,-0.0135824,-0.12953,-0.24192,-0.03875,5/19/1998,5/19/1998,-0.02
6/1/1998,0,0,0,0,0,,,,,,,6/1/1998,0,0,0,,,0,,6/1/1998,0
7/1/1998,0.01033,0,1,0.013,0.019,0.071,0.0262,0.0345,-0.17,-0.0599,-0.0556,7/1/1998,0,0.009961191,-0.0319626,0.02716,0.08682,0.01033,7/1/1998,7/1/1998,0.00999
8/1/1998,0.01192,0,1,0.009,0.0286,0.011,0.0248,-0.0306,-0.11,-0.0844,-0.0275,8/18/1998,0,0.003676319,0.0072448,0.04839,0.15457,0.01192,8/18/1998,8/18/1998,0.02
9/1/1998,0.06,-0.25,1,0.0304,0.0573,0.015,0.0277,-0.074,-0.26,-0.0299,-0.3613,9/29/1998,0,0.029616708,0.0432665,-0.6975,-1.01389,0.06,9/29/1998,9/29/1998,0.07
10/1/1998,-0.16469,-0.25,1,-0.2761,-0.2333,-0.131,0.0253,-0.1579,0.22,-0.0149,-0.2891,10/15/1998,1,0,0,2.09497,2.12158,-0.16469,10/15/1998,,-0.15
11/1/1998,-0.06923,-0.25,1,-0.0148,-0.0192,-0.059,0.0241,0.0665,0,0.0016,-0.0092,11/17/1998,0,-0.009540246,-0.0222247,0.63962,0.59618,-0.06923,11/17/1998,11/17/1998,-0.04
12/1/1998,-0.03444,0,1,0.0104,0.0191,0.097,0.0238,0.1648,0.26,-0.1066,-0.115,12/22/1998,0,0.003790915,-0.0171493,-0.1237,-0.13973,-0.03444,12/22/1998,12/22/1998,0.01
1/1/1999,0,0,0,0,0,,,,,,,1/1/1999,0,0,0,,,0,,1/1/1999,0
2/1/1999,0.0056,0,1,0.0115,0.0107,0.178,0.0229,0.1668,-0.02,-0.0866,-0.0995,2/3/1999,0,0.006333264,0.0354576,0.17015,0.19604,0.0056,2/3/1999,2/3/1999,0.01
3/1/1999,-0.005,0,1,-0.0172,-0.0384,0.025,0.0245,0.0849,0.55,0.0835,0.173,3/30/1999,0,-0.011782313,-0.0172799,-0.16838,-0.17466,-0.005,3/30/1999,3/30/1999,-0.02
4/1/1999,0,0,0,0,0,,,,,,,4/1/1999,0,0,0,,,0,,4/1/1999,0
5/1/1999,-0.02385,0,1,0.1243,0.1075,0.009,0.0248,0.0659,0.43,0.0953,0.0448,5/18/1999,0,0.065901145,0.0528231,-1.38561,-1.45661,-0.02385,5/18/1999,5/18/1999,0.04
6/1/1999,-0.05,0.25,1,-0.1007,-0.1111,-0.209,0.0233,0.0521,0.36,0.0195,0.2785,6/30/1999,0,-0.065783828,-0.057111,1.60132,1.72134,-0.05,6/30/1999,6/30/1999,-0.07
7/1/1999,0,0,0,0,0,,,,,,,7/1/1999,0,0,0,,,0,,7/1/1999,0
8/1/1999,0.0425,0.25,1,0.0069,-0.0189,0.11,0.0251,0.0159,0.02,0.1224,0.0948,8/24/1999,0,0.011153847,-0.0225244,0.59237,0.60613,0.0425,8/24/1999,8/24/1999,0.025
9/1/1999,0,0,0,0,0,,,,,,,9/1/1999,0,0,0,,,0,,9/1/1999,0
10/1/1999,-0.04769,0,1,0.0905,0.074,-0.091,0.0237,-0.0569,-0.05,0.1164,0.1686,10/5/1999,0,0.033494681,0.0138926,-0.81193,-0.87072,-0.04769,10/5/1999,10/5/1999,0.04
11/1/1999,0.075,0.25,1,0.0782,0.0515,0.012,0.0251,0.049,-0.49,0.0665,0.0796,11/16/1999,0,0.067275606,0.0039603,-0.32364,-0.35336,0.075,11/16/1999,11/16/1999,0.055
12/1/1999,0.0155,0,1,0.0443,0.0126,0.024,0.0252,0.0601,-0.37,0.0403,0.291,12/21/1999,0,0.022700811,-0.0073727,0.48527,0.44944,0.0155,12/21/1999,12/21/1999,-0.005
1/1/2000,0,0,0,0,0,,,,,,,1/1/2000,0,0,0,,,0,,1/1/2000,0
2/1/2000,-0.05907,0.25,1,0.0109,-0.0177,0.09,0.0256,0.0486,0.01,0.0961,0.1598,2/2/2000,0,-0.002230716,0.0905296,-0.3357,-0.31707,-0.05907,2/2/2000,2/2/2000,0.01
3/1/2000,-0.031,0.25,1,0.0049,-0.011,-0.18,0.0232,0.0302,-0.5,0.0548,0.0206,3/21/2000,0,0.0044444,0.0011834,-0.03942,0.10062,-0.031,3/21/2000,3/21/2000,-0.01
4/1/2000,0,0,0,0,0,,,,,,,4/1/2000,0,0,0,,,0,,4/1/2000,0
5/1/2000,0.04133,0.5,1,0.0654,0.0385,0.02,0.0252,0.0248,-0.66,0.0427,0.1695,5/16/2000,0,0.039955102,0.0347432,-0.64349,-0.68027,0.04133,5/16/2000,5/16/2000,0.055
6/1/2000,-0.02,0,1,-0.0219,-0.0341,-0.129,0.0253,-0.0517,-0.02,0.0671,0.2375,6/28/2000,0,-0.013374149,-0.0274888,0.26977,0.26972,-0.02,6/28/2000,6/28/2000,-0.015
7/1/2000,0,0,0,0,0,,,,,,,7/1/2000,0,0,0,,,0,,7/1/2000,0
8/1/2000,0.01722,0,1,0.0237,0.0011,-0.182,0.0214,0.0424,-0.94,0.0126,0.1571,8/22/2000,0,0.009612743,-0.0236458,-0.15955,-0.17883,0.01722,8/22/2000,8/22/2000,0.11
9/1/2000,0,0,0,0,0,,,,,,,9/1/2000,0,0,0,,,0,,9/1/2000,0
10/1/2000,0,0,1,0.0531,0.0425,-0.07,0.0197,-0.0043,-0.44,0.0322,0.1168,10/3/2000,0,0.026176268,0.0090862,-0.22039,-0.27211,0,10/3/2000,10/3/2000,0.02
11/1/2000,-0.01,0,1,0.0143,0.0139,-0.046,0.0166,-0.0756,-0.14,0.0729,0.0814,11/15/2000,0,0.00924742,0.0124192,-0.6872,-0.78769,-0.01,11/15/2000,11/15/2000,0.0025
12/1/2000,0.06458,0,1,0.0315,0.0491,-0.054,0.0159,-0.1027,-0.51,-0.0032,-0.0793,12/19/2000,0,0.025351349,-0.0044117,-0.56081,-0.58845,0.06458,12/19/2000,12/19/2000,0.005
1/1/2001,-0.3575,-0.5,1,-0.1289,-0.1049,-0.054,0.0147,-0.1279,-0.58,0.0084,-0.2007,1/3/2001,1,0.000806655,-0.0349214,4.51038,4.55309,-0.3875,1/31/2001,"1/3/2001, 1/31/2001",-0.16
2/1/2001,0,-0.5,0,0,0,,,,,,,2/1/2001,0,0,0,,,0,,2/1/2001,0
3/1/2001,0.05636,-0.5,1,-0.066,-0.0007,0.06,0.0126,-0.158,1.07,-0.058,-0.2012,3/20/2001,0,-0.050958101,-0.0350342,-0.60045,-0.59072,0.05636,3/20/2001,3/20/2001,-0.07
4/1/2001,-0.4625,-0.5,1,-0.2825,-0.2139,-0.149,0.0087,-0.1073,1.23,-0.0406,-0.2965,4/18/2001,1,0,0,2.32456,2.41875,-0.4625,4/18/2001,,-0.44
5/1/2001,-0.09687,-0.5,1,-0.1293,-0.0674,-0.258,0.0043,-0.0648,1.74,-0.0345,-0.0141,5/15/2001,0,-0.093843244,-0.0220196,0.37291,0.45467,-0.09687,5/15/2001,5/15/2001,-0.12
6/1/2001,0.1,-0.25,1,0.0862,0.1259,0.006,0.0023,0.0653,1.13,-0.0516,-0.0835,6/27/2001,0,0.05748982,0.0982771,-0.52379,-0.45091,0.1,6/27/2001,6/27/2001,0.075
7/1/2001,0,0,0,0,0,,,,,,,7/1/2001,0,0,0,,,0,,7/1/2001,0
8/1/2001,0.0465,-0.25,1,-0.0276,0.0115,0.008,-0.0004,-0.0953,-0.27,-0.0704,-0.0267,8/21/2001,0,-0.017124889,-0.0246525,-0.6934,-0.73012,0.0465,8/21/2001,8/21/2001,0.015
9/1/2001,-0.21923,-0.5,0,0,0,,,,,,,9/17/2001,1,0,0,,,0,,9/17/2001,0
10/1/2001,-0.03207,-0.5,1,-0.0542,0.0134,-0.068,-0.0045,-0.1654,0.48,-0.0665,-0.1249,10/2/2001,0,-0.039931841,0.0014755,-0.35196,-0.33565,-0.03207,10/2/2001,10/2/2001,-0.04
11/1/2001,-0.1375,-0.5,1,-0.1532,-0.0813,-0.14,-0.0068,-0.0882,0.63,-0.1221,-0.1168,11/6/2001,0,-0.105719671,-0.0516731,0.6426,0.60846,-0.1375,11/6/2001,11/6/2001,-0.145
12/1/2001,-0.00775,-0.25,1,-0.0618,0.0161,-0.131,-0.0107,0.0056,1.88,-0.1117,-0.046,12/11/2001,0,-0.038191214,-0.0440229,0.26526,0.32276,-0.00775,12/11/2001,12/11/2001,-0.035
1/1/2002,0.0175,0,1,0.0366,0.0731,0.046,-0.0132,0.0141,0.91,-0.0038,0.0799,1/30/2002,0,0.023340922,0.0046471,-0.03735,-0.02733,0.0175,1/30/2002,1/30/2002,0.025
2/1/2002,0,0,0,0,0,,,,,,,2/1/2002,0,0,0,,,0,,2/1/2002,0
3/1/2002,-0.03229,0,1,-0.0608,-0.0644,0.066,-0.0156,0.025,-0.08,0.1362,0.0973,3/19/2002,0,-0.037797943,-0.0177577,-0.33914,-0.38345,-0.03229,3/19/2002,3/19/2002,-0.04
4/1/2002,0,0,0,0,0,,,,,,,4/1/2002,0,0,0,,,0,,4/1/2002,0
5/1/2002,0.00646,0,1,-0.0364,-0.024,-0.01,-0.014,-0.0711,0.15,0.1151,0.1629,5/7/2002,0,-0.017085016,-0.0391971,-0.29932,-0.31254,0.00646,5/7/2002,5/7/2002,-0.02
6/1/2002,0.005,0,1,0.0209,0.052,-0.024,-0.0135,-0.1628,-0.39,0.0229,0.1452,6/26/2002,0,0.011221816,-0.0797352,-0.48238,-0.52165,0.005,6/26/2002,6/26/2002,0
7/1/2002,0,0,0,0,0,,,,,,,7/1/2002,0,0,0,,,0,,7/1/2002,0
8/1/2002,0.03444,0,1,-0.1106,-0.0749,-0.049,-0.0121,-0.1716,-0.9,0.0119,-0.081,8/13/2002,0,-0.051851902,-0.0187878,-0.60374,-0.6289,0.03444,8/13/2002,8/13/2002,-0.04
9/1/2002,0.02,0,1,-0.0039,0.0106,0.009,-0.0109,-0.1882,-1.08,0.09,0.0419,9/24/2002,0,0.000980557,0.0167866,-1.01173,-1.00711,0.02,9/24/2002,9/24/2002,-0.005
10/1/2002,0,0,0,0,0,,,,,,,10/1/2002,0,0,0,,,0,,10/1/2002,0
11/1/2002,-0.20625,-0.5,1,-0.0746,-0.0899,-0.005,-0.0063,0.0924,-0.09,0.0819,0.2518,11/6/2002,0,-0.083437152,0.0031207,-0.53662,-0.52695,-0.20625,11/6/2002,11/6/2002,-0.075
12/1/2002,0,0,1,0.0295,0.0463,-0.065,-0.004,-0.0022,0.47,0.0083,0.2562,12/10/2002,0,0.016489511,0.0345317,-0.2987,-0.27761,0,12/10/2002,12/10/2002,0.005
1/1/2003,0.0075,0,1,0.06,0.0587,-0.121,-0.0039,-0.0429,0.36,0.1135,0.3536,1/29/2003,0,0.028899953,0.024177,0.15934,0.17467,0.0075,1/29/2003,1/29/2003,0.025
2/1/2003,0,0,0,0,0,,,,,,,2/1/2003,0,0,0,,,0,,2/1/2003,0
3/1/2003,0.02385,0,1,0.0077,0.018,-0.328,-0.0022,-0.0472,-0.25,0.0374,0.2132,3/18/2003,0,-0.001335972,0.0249731,-0.43291,-0.46485,0.02385,3/18/2003,3/18/2003,-0.0075
4/1/2003,0,0,0,0,0,,,,,,,4/1/2003,0,0,0,,,0,,4/1/2003,0
5/1/2003,0.0155,0,1,-0.0854,-0.0845,0.002,-0.0034,0.0926,-0.04,-0.0669,0.4095,5/6/2003,0,-0.0385192,-0.0725957,0.12916,0.12818,0.0155,5/6/2003,5/6/2003,-0.05
6/1/2003,0.1325,-0.25,1,0.1454,0.1376,0.008,-0.0033,0.0934,-0.33,0.0205,0.1779,6/25/2003,0,0.093779959,0.0345186,-0.20488,-0.18285,0.1325,6/25/2003,6/25/2003,0.105
7/1/2003,0,0,0,0,0,,,,,,,7/1/2003,0,0,0,,,0,,7/1/2003,0
8/1/2003,0.00408,0,1,-0.0306,-0.0196,-0.054,-0.0031,0.0635,0.88,-0.0055,0.3834,8/12/2003,0,-0.014350736,-0.0343331,-0.07643,-0.051,0.00408,8/12/2003,8/12/2003,-0.005
9/1/2003,-0.00536,0,1,0.0044,0.0193,-0.108,-0.0033,0.0162,1.01,0.017,0.4097,9/16/2003,0,0.004055313,-0.0228314,0.09982,0.10783,-0.00536,9/16/2003,9/16/2003,-0.0025
10/1/2003,-0.0025,0,1,-0.0827,-0.1064,0.077,-0.0019,0.032,-0.02,0.0932,0.4924,10/28/2003,0,-0.043688092,-0.051421,-0.0135,-0.02896,-0.0025,10/28/2003,10/28/2003,-0.005
11/1/2003,0,0,0,0,0,,,,,,,11/1/2003,0,0,0,,,0,,11/1/2003,0
12/1/2003,-0.00352,0,1,0.0434,0.0199,-0.09,-0.001,0.0458,-0.08,0.1343,0.3189,12/9/2003,0,0.021956973,0.011961,-0.11632,-0.12197,-0.00352,12/9/2003,12/9/2003,0.005
1/1/2004,0,0,1,0.1519,0.124,-0.147,0.001,0.1047,-0.07,0.1006,0.3706,1/28/2004,0,0.075048111,0.0622293,-0.91791,-0.91989,0,1/28/2004,1/28/2004,0.0075
2/1/2004,0,0,0,0,0,,,,,,,2/1/2004,0,0,0,,,0,,2/1/2004,0
3/1/2004,0,0,1,-0.0565,-0.0933,-0.104,0.0029,0.0409,-0.56,0.0873,0.5692,3/16/2004,0,-0.028291328,-0.0127132,-0.05315,-0.03607,0,3/16/2004,3/16/2004,-0.0075
4/1/2004,0,0,0,0,0,,,,,,,4/1/2004,0,0,0,,,0,,4/1/2004,0
5/1/2004,-0.00861,0,1,0.0081,-0.0152,0.208,0.0094,-0.0148,0.29,0.0859,0.5434,5/4/2004,0,0.006828171,-0.0183061,0.36501,0.35826,-0.00861,5/4/2004,5/4/2004,0.005
6/1/2004,-0.0075,0.25,1,-0.0125,-0.0002,0.028,0.0114,0.0241,0.37,-0.0557,0.232,6/30/2004,0,-0.012775991,-0.0367854,0.26758,0.23771,-0.0075,6/30/2004,6/30/2004,-0.03
7/1/2004,0,0,0,0,0,,,,,,,7/1/2004,0,0,0,,,0,,7/1/2004,0
8/1/2004,0.01476,0.25,1,0.0555,0.0544,-0.193,0.0127,-0.0515,-0.96,-0.0324,0.226,8/10/2004,0,0.027246656,0.0565488,-0.30232,-0.32681,0.01476,8/10/2004,8/10/2004,0.0475
9/1/2004,0,0.25,1,-0.0114,-0.0211,-0.006,0.0136,-0.0087,-1.03,0.0101,0.0499,9/21/2004,0,-0.003198436,0.0371126,0.0293,0.00888,0,9/21/2004,9/21/2004,0
10/1/2004,0,0,0,0,0,,,,,,,10/1/2004,0,0,0,,,0,,10/1/2004,0
11/1/2004,0,0.25,1,-0.0207,-0.0578,0.157,0.0152,0.0887,-0.68,0.0666,0.2287,11/10/2004,0,-0.009154709,0.0025952,0.1175,0.14569,0,11/10/2004,11/10/2004,-0.01
12/1/2004,0,0.25,1,-0.0047,-0.0312,-0.087,0.0154,0.0644,-0.58,0.035,0.2835,12/14/2004,0,-0.002164059,0.0139566,0.06497,-0.03324,0,12/14/2004,12/14/2004,-0.01
1/1/2005,0,0,0,0,0,,,,,,,1/1/2005,0,0,0,,,0,,1/1/2005,0
2/1/2005,-0.00538,0.25,1,-0.0107,-0.0284,-0.018,0.0153,0.0535,-0.49,-0.0329,0.3799,2/2/2005,0,-0.008138463,0.0336921,0.01929,0.01678,-0.00538,2/2/2005,2/2/2005,-0.005
3/1/2005,0,0.25,1,0.0897,0.0591,0.043,0.0168,-0.0184,-0.31,0.102,0.3875,3/22/2005,0,0.040776219,0.058326,-0.33953,-0.36112,0,3/22/2005,3/22/2005,0.015
4/1/2005,0,0,0,0,0,,,,,,,4/1/2005,0,0,0,,,0,,4/1/2005,0
5/1/2005,0,0.25,1,0.0286,0.007,-0.115,0.0159,-0.0106,-0.35,0.0713,0.3281,5/3/2005,0,0.015885666,0.0300294,0.15831,0.38635,0,5/3/2005,"5/3/2005, 5/3/2005",0.0125
6/1/2005,0,0.25,1,0.0596,0.0443,-0.097,0.015,0.0292,-0.87,-0.0028,0.1789,6/30/2005,0,0.025968516,0.0049641,-0.41325,-0.44095,0,6/30/2005,6/30/2005,0.02
7/1/2005,0,0,0,0,0,,,,,,,7/1/2005,0,0,0,,,0,,7/1/2005,0
8/1/2005,0,0.25,1,-0.0085,-0.0397,0.027,0.0184,0.0422,-0.5,0.086,0.2127,8/9/2005,0,-0.007784674,-0.0007102,0.21427,0.20262,0,8/9/2005,8/9/2005,-0.01
9/1/2005,0.03,0.25,1,0.0275,0.0029,-0.021,0.0192,0.0164,-0.42,0.0927,0.146,9/20/2005,0,0.023699451,0.0544461,-0.15015,-0.12921,0.03,9/20/2005,9/20/2005,0.0325
10/1/2005,0,0,0,0,0,,,,,,,10/1/2005,0,0,0,,,0,,10/1/2005,0
11/1/2005,0,0.25,1,0.0154,0.0005,0.108,0.0166,-0.0223,-0.25,0.0693,0.1818,11/1/2005,0,0.009171468,-0.0141361,0.2192,0.22367,0,11/1/2005,11/1/2005,-0.0025
12/1/2005,0,0.25,1,-0.0189,-0.045,0.006,0.0186,0.0151,-0.01,0.0957,0.3131,12/13/2005,0,-0.008298248,-0.0030959,0.52662,0.51047,0,12/13/2005,12/13/2005,-0.005
1/1/2006,0.005,0.25,1,0.0417,0.0103,-0.092,0.0189,0.0715,-0.53,0.0669,0.2269,1/31/2006,0,0.022172624,0.029464,-0.22803,-0.23364,0.005,1/31/2006,1/31/2006,0.02
2/1/2006,0,0,0,0,0,,,,,,,2/1/2006,0,0,0,,,0,,2/1/2006,0
3/1/2006,0.005,0.25,1,0.0595,0.0458,0.043,0.0201,0.0328,-0.32,-0.0166,0.2615,3/28/2006,0,0.033352613,0.014071,-0.62108,-0.64888,0.005,3/28/2006,3/28/2006,0.0275
4/1/2006,0,0,0,0,0,,,,,,,4/1/2006,0,0,0,,,0,,4/1/2006,0
5/1/2006,0,0.25,1,0.0666,0.0413,-0.062,0.02,0.0472,0.17,0.1311,0.1487,5/10/2006,0,0.035114665,0.0227989,-0.19309,-0.15852,0,5/10/2006,5/10/2006,0.035
6/1/2006,-0.015,0.25,1,-0.0333,-0.0356,-0.105,0.019,-0.0437,0.06,0.0699,0.0994,6/29/2006,0,-0.019922566,-0.0270005,0.54151,0.53603,-0.015,6/29/2006,6/29/2006,-0.03
7/1/2006,0,0,0,0,0,,,,,,,7/1/2006,0,0,0,,,0,,7/1/2006,0
8/1/2006,-0.04043,0,1,-0.0247,-0.0271,-0.033,0.0164,-0.0282,-0.44,0.0191,0.0848,8/8/2006,0,-0.018701589,-0.0315945,-0.2469,-0.24218,-0.04043,8/8/2006,8/8/2006,-0.04
9/1/2006,0,0,1,0.0279,0.0282,0.003,0.0162,0.0515,-0.43,-0.0258,-0.0259,9/20/2006,0,0.011759392,0.0125359,-0.26777,-0.28435,0,9/20/2006,9/20/2006,0
10/1/2006,-0.005,0,1,-0.0015,-0.0114,-0.074,0.0168,0.0883,-0.24,0.0352,-0.043,10/25/2006,0,-0.001861013,-0.0118213,-0.07474,-0.07226,-0.005,10/25/2006,10/25/2006,-0.005
11/1/2006,0,0,0,0,0,,,,,,,11/1/2006,0,0,0,,,0,,11/1/2006,0
12/1/2006,-0.00408,0,1,-0.0259,-0.0409,0.022,0.0152,0.0842,-0.28,0.0896,-0.1385,12/12/2006,0,-0.014342993,-0.0257016,0.26109,0.18988,-0.00408,12/12/2006,12/12/2006,-0.01
1/1/2007,0,0,1,-0.0007,0.0069,0.052,0.0154,0.0367,0.22,0.0085,-0.046,1/31/2007,0,-0.002718386,0.0044183,0.4816,0.48713,0,1/31/2007,1/31/2007,0
2/1/2007,0,0,0,0,0,,,,,,,2/1/2007,0,0,0,,,0,,2/1/2007,0
3/1/2007,-0.00775,0,1,-0.0896,-0.064,-0.003,0.0133,-0.0004,-0.14,0.0117,-0.4295,3/21/2007,0,-0.041696385,-0.0627903,0.81634,0.83145,-0.00775,3/21/2007,3/21/2007,-0.015
4/1/2007,0,0,0,0,0,,,,,,,4/1/2007,0,0,0,,,0,,4/1/2007,0
5/1/2007,0,0,1,0.0503,0.0489,-0.018,0.0119,0.0401,0.1,0.0762,-0.0777,5/9/2007,0,0.024320653,0.0186663,-0.13457,-0.13214,0,5/9/2007,5/9/2007,0.01
6/1/2007,0,0,1,0.0244,0.0116,0.017,0.0127,0.0468,0.76,0.0262,0.5413,6/28/2007,0,0.010235126,0.0314399,-0.27362,-0.27603,0,6/28/2007,6/28/2007,0
7/1/2007,0,0,0,0,0,,,,,,,7/1/2007,0,0,0,,,0,,7/1/2007,0
8/1/2007,0.00646,0,1,-0.0255,0.0005,-0.038,0.0111,-0.0234,0.09,-0.0119,-0.1678,8/17/2007,1,-0.008143543,0.0523869,1.00788,2.37716,0.03321,8/7/2007,"8/7/2007, 8/10/2007, 8/17/2007",-0.025
9/1/2007,-0.2125,-0.5,1,-0.1727,-0.1294,-0.117,0.0097,-0.0309,-0.19,0.0196,-0.6902,9/18/2007,0,-0.128848478,-0.0913483,1.32029,1.33786,-0.2125,9/18/2007,9/18/2007,-0.1575
10/1/2007,-0.025,-0.25,1,0.0863,0.102,0,0.0093,0.038,0.62,0.0919,-0.2835,10/31/2007,0,0.043507144,0.0373497,-0.41526,-0.43398,-0.025,10/31/2007,10/31/2007,0.0225
11/1/2007,0,0,0,0,0,,,,,,,11/1/2007,0,0,0,,,0,,11/1/2007,0
12/1/2007,0.03875,-0.25,1,0.0816,0.1183,0.029,0.0089,0.042,0.72,0.0928,-0.7199,12/11/2007,0,0.02822455,-0.0510538,-1.76769,-1.74159,0.03875,12/11/2007,12/11/2007,0.03
1/1/2008,-0.5725,-1.25,1,-0.1904,-0.1428,-0.048,0.0083,-0.1493,0.38,0.0843,-0.5022,1/22/2008,1,-0.07305754,-0.0310142,0,1.51989,-0.465,1/30/2008,"1/22/2008, 1/30/2008",-0.2425
2/1/2008,0,0,0,0,0,,,,,,,2/1/2008,0,0,0,,,0,,2/1/2008,0
3/1/2008,0.15738,-0.75,1,0.123,0.1398,-0.093,0.0056,-0.1387,1.01,0.2128,-0.0544,3/18/2008,1,0.03740852,0.142444,-0.94124,-0.95548,0.09538,3/18/2008,"3/11/2008, 3/18/2008",0.1575
4/1/2008,-0.06,-0.25,1,-0.0652,-0.0527,-0.03,0.0034,0.0443,0.98,0.117,-0.1051,4/30/2008,0,-0.050315123,-0.0091142,0.16293,0.12858,-0.06,4/30/2008,4/30/2008,-0.065
5/1/2008,0,0,0,0,0,,,,,,,5/1/2008,0,0,0,,,0,,5/1/2008,0
6/1/2008,-0.015,0,1,-0.0498,-0.0482,0.001,-0.0011,-0.0267,0.05,0.1409,-0.035,6/25/2008,0,-0.022809306,0.0047843,0.03392,0.03764,-0.015,6/25/2008,6/25/2008,-0.04
7/1/2008,0,0,0,0,0,,,,,,,7/1/2008,0,0,0,,,0,,7/1/2008,0
8/1/2008,-0.00447,0,1,-0.0191,0.0178,0.014,-0.004,-0.1208,-0.12,-0.051,0.1221,8/5/2008,0,-0.014241783,-0.0052772,0.13432,0.14928,-0.00447,8/5/2008,8/5/2008,-0.03
9/1/2008,0.10446,0,1,0.103,0.1865,-0.011,-0.0059,-0.1164,0.27,-0.2595,0.025,9/16/2008,0,0.069794863,0.0969267,-0.62947,-0.46189,0.10446,9/16/2008,9/16/2008,0.1125
10/1/2008,-0.17554,-1,1,-0.0304,0.1013,-0.059,-0.0098,-0.2288,0.63,-0.3734,-0.1132,10/8/2008,1,-0.0486986,-0.0937435,0,0,-0.12804,10/29/2008,"10/8/2008, 10/29/2008",-0.09
11/1/2008,-0.005,0,0,0,0,,,,,,,11/25/2008,0,0,0,1.64061,2.7155,-0.005,,11/25/2008,-0.0025
12/1/2008,-0.1395,-0.875,1,-0.2495,-0.1016,-0.238,-0.02,-0.3654,0.05,-0.3787,-0.0834,12/16/2008,0,-0.150822744,-0.0448581,1.59331,1.57373,-0.1395,12/16/2008,12/16/2008,-0.18
1/1/2009,0,0,1,-0.0006,0.0321,-0.044,-0.026,-0.0586,-0.66,-0.1134,0.4105,1/28/2009,0,0.001454194,-0.0871062,-0.1973,-0.23025,0,1/28/2009,1/28/2009,0
2/1/2009,0,0,0,0,0,,,,,,,2/1/2009,0,0,0,,,0,,2/1/2009,0
3/1/2009,-0.00298,0,1,-0.0581,-0.007,-0.021,-0.0369,-0.1447,0.45,0.0038,0.3559,3/18/2009,0,-0.023386985,-0.1686394,1.80819,1.86326,-0.00298,3/18/2009,3/18/2009,-0.0125
4/1/2009,-0.0025,0,1,0.0261,0.0422,-0.013,-0.0426,0.0275,0.46,0.0519,0.5617,4/29/2009,0,0.011442957,0.0184749,0.62292,0.65715,-0.0025,4/29/2009,4/29/2009,0
5/1/2009,0,0,0,0,0,,,,,,,5/1/2009,0,0,0,,,0,,5/1/2009,0
6/1/2009,0.005,0,1,0.0549,0.0714,0.155,-0.0474,0.1524,0.98,0.1207,0.17,6/24/2009,0,0.02688426,-0.0127195,-0.6802,-0.63907,0.005,6/24/2009,6/24/2009,0.005
7/1/2009,0,0,0,0,0,,,,,,,7/1/2009,0,0,0,,,0,,7/1/2009,0
8/1/2009,0,0,1,-0.006,0.0208,0.083,-0.051,0.0677,0.55,0.0843,0.227,8/12/2009,0,-0.004567122,-0.0857281,-0.26438,-0.29869,0,8/12/2009,8/12/2009,0
9/1/2009,-0.0075,0,1,-0.0986,-0.0921,0.009,-0.0503,0.1513,-0.1,0.0693,0.2824,9/23/2009,0,-0.049169958,-0.0487333,0.52867,0.51336,-0.0075,9/23/2009,9/23/2009,-0.015
10/1/2009,0,0,0,0,0,,,,,,,10/1/2009,0,0,0,,,0,,10/1/2009,0
11/1/2009,-0.00288,0,1,-0.013,-0.0094,-0.09,-0.0468,0.0418,-0.08,0.0779,0.5955,11/4/2009,0,-0.007395878,-0.0481526,0.08621,0.095,-0.00288,11/4/2009,11/4/2009,-0.0125
12/1/2009,-0.01808,0,1,0.0151,0.0112,0.103,-0.0413,0.0543,0.21,0.1088,0.5785,12/16/2009,0,0.00349682,-0.0090375,-0.05211,-0.06766,-0.01808,12/16/2009,12/16/2009,-0.0025
1/1/2010,0,0,1,0.0381,0.0639,-0.085,-0.0381,0.0099,0.17,0.0141,0.3912,1/27/2010,0,0.017700098,0.0445992,0.09656,0.09228,0,1/27/2010,1/27/2010,0.005
2/1/2010,0,0,0,0,0,,,,,,,2/1/2010,0,0,0,,,0,,2/1/2010,0
3/1/2010,-0.00517,0,1,-0.0306,-0.0135,0.014,-0.0275,0.0522,0.02,-0.0084,0.315,3/16/2010,0,-0.018912647,0.0012293,0.19305,0.19561,-0.00517,3/16/2010,3/16/2010,-0.0075
4/1/2010,0,0,1,0.0011,-0.0018,-0.038,-0.02,0.0809,-0.03,0.0268,0.4371,4/28/2010,0,-0.004145989,0.0019477,0.16698,0.1683,0,4/28/2010,4/28/2010,-0.005
5/1/2010,0,0,0,0,0,,,,,,,5/1/2010,0,0,0,,,0,,5/1/2010,0
6/1/2010,0.005,0,1,0.0156,0.0282,-0.069,-0.0063,-0.0573,-0.5,-0.0055,0.2389,6/23/2010,0,0.006568673,-0.0059628,0.34692,0.29796,0.005,6/23/2010,6/23/2010,-0.0025
7/1/2010,0,0,0,0,0,,,,,,,7/1/2010,0,0,0,,,0,,7/1/2010,0
8/1/2010,0.00369,0,1,-0.0162,-0.0129,-0.076,-0.0018,-0.0003,-0.7,0.0474,-0.0346,8/10/2010,0,-0.010405223,-0.0487391,0.68052,0.73842,0.00369,8/10/2010,8/10/2010,0.005
9/1/2010,0.00833,0,1,-0.0022,-0.0209,0.044,-0.0004,0.0236,-0.59,0.0865,0.2209,9/21/2010,0,-0.000640388,-0.0039352,0.59361,0.59354,0.00833,9/21/2010,9/21/2010,0
10/1/2010,0,0,0,0,0,,,,,,,10/1/2010,0,0,0,,,0,,10/1/2010,0
11/1/2010,0.00833,0,1,0.0058,-0.0227,-0.1,0.0043,0.0584,-0.28,0.1226,0.2935,11/3/2010,0,0.004348032,-0.1995845,-0.30103,-0.33723,0.00833,11/3/2010,11/3/2010,0.005
12/1/2010,0,0,1,0.0052,-0.0267,-0.111,0.0053,0.1115,0.55,0.1573,0.3781,12/14/2010,0,0.003047664,-0.0135909,0.01285,0,0,12/14/2010,12/14/2010,0
1/1/2011,0,0,1,-0.0025,-0.0191,-0.042,0.0079,0.0898,0.66,0.0865,0.341,1/26/2011,0,0.00014076,-0.0556313,-0.08019,-0.05797,0,1/26/2011,1/26/2011,0
2/1/2011,0,0,0,0,0,,,,,,,2/1/2011,0,0,0,,,0,,2/1/2011,0
3/1/2011,0,0,1,0.0158,0.0006,0.017,0.0104,0.054,0.13,0.0693,0.2316,3/15/2011,0,0.004082048,0.0543576,0.27359,0.25505,0,3/15/2011,3/15/2011,0
4/1/2011,0,0,1,-0.0025,-0.0275,0.031,0.0108,0.0486,0.08,0.1211,0.2415,4/27/2011,0,-0.006284702,-0.0469687,0.1752,0.16747,0,4/27/2011,4/27/2011,0
5/1/2011,0,0,0,0,0,,,,,,,5/1/2011,0,0,0,,,0,,5/1/2011,0
6/1/2011,0,0,1,0.014,0.0114,-0.144,0.0081,0.0127,-0.28,-0.0337,0.3772,6/22/2011,0,0.006172336,-0.0003813,0.10646,0.1162,0,6/22/2011,6/22/2011,0
7/1/2011,0,0,0,0,0,,,,,,,7/1/2011,0,0,0,,,0,,7/1/2011,0
8/1/2011,0,0,1,-0.0115,-0.0014,0.007,0.012,-0.1762,-0.79,-0.0574,0.414,8/9/2011,0,-0.011040695,-0.0426253,-0.87788,-0.9322,0,8/9/2011,8/9/2011,0.0025
9/1/2011,0.01667,0,1,0.0699,0.0528,-0.12,0.013,-0.0561,-1.02,-0.0244,0.5072,9/21/2011,0,0.034087632,0.1978304,-0.609,-0.73809,0.01667,9/21/2011,9/21/2011,0.02
10/1/2011,0,0,0,0,0,,,,,,,10/1/2011,0,0,0,,,0,,10/1/2011,0
11/1/2011,0,0,1,0.0233,0.0312,0.047,0.0147,-0.0548,-0.6,-0.086,0.2564,11/2/2011,0,0.009091965,-0.0402469,-0.13996,-0.14207,0,11/2/2011,11/2/2011,0.005
12/1/2011,0,0,1,0.0175,0.0214,-0.005,0.0148,0.0688,0.09,-0.1085,0.3502,12/13/2011,0,0.008479821,0.0560893,-0.81154,-0.70908,0,12/13/2011,12/13/2011,0
1/1/2012,0,0,1,-0.0116,-0.0374,0.05,0.0157,0.083,-0.09,-0.022,0.5502,1/25/2012,0,-0.00635333,-0.0595829,0.30319,0.3248,0,1/25/2012,1/25/2012,-0.0025
2/1/2012,0,0,0,0,0,,,,,,,2/1/2012,0,0,0,,,0,,2/1/2012,0
3/1/2012,0,0,1,0.0215,-0.0177,0.017,0.0186,0.0857,-0.07,0.0467,0.5606,3/13/2012,0,0.010371941,-0.0298795,0.02241,0.01815,0,3/13/2012,3/13/2012,0
4/1/2012,0,0,1,0.013,-0.0107,-0.09,0.0186,0.0421,-0.13,-0.0191,0.5895,4/25/2012,0,0.001367736,-0.0299017,-0.0166,-0.03618,0,4/25/2012,4/25/2012,0
5/1/2012,0,0,0,0,0,,,,,,,5/1/2012,0,0,0,,,0,,5/1/2012,0
6/1/2012,0.00375,0,1,0.0287,0.0346,-0.089,0.0168,-0.0334,-0.73,-0.093,0.2341,6/20/2012,0,0.014142186,0.0392024,-0.02733,-0.03712,0.00375,6/20/2012,6/20/2012,0.01
7/1/2012,0,0,0,0,0,,,,,,,7/1/2012,0,0,0,,,0,,7/1/2012,0
8/1/2012,0.01033,0,1,0.0227,0.0072,-0.01,0.0162,-0.0173,-0.49,0.0102,0.3512,8/1/2012,0,0.014419015,-0.0062937,-0.1668,-0.20007,0.01033,8/1/2012,8/1/2012,0.01
9/1/2012,0.01324,0,1,0.024,-0.0248,-0.039,0.0166,0.093,0.16,0.1664,0.4435,9/13/2012,0,0.01325153,-0.0621552,0.61107,0.64158,0.01324,9/13/2012,9/13/2012,0.015
10/1/2012,0,0,1,0.0089,-0.0136,-0.006,0.0162,0.0453,0.34,0.038,0.5231,10/24/2012,0,0.001148504,-0.0308862,-0.00141,0.01773,0,10/24/2012,10/24/2012,0
11/1/2012,0,0,0,0,0,,,,,,,11/1/2012,0,0,0,,,0,,11/1/2012,0
12/1/2012,0,0,1,0.0041,-0.0162,0.036,0.0159,-0.003,-0.02,-0.035,0.7338,12/12/2012,0,0.00217617,-0.0467003,0.39349,0.40126,0,12/12/2012,12/12/2012,0
1/1/2013,0,0,1,0.0058,-0.0218,0,0.0162,0.0503,0.36,0.0015,0.7568,1/30/2013,0,0.001226248,-0.0232763,-0.07702,-0.08325,0,1/30/2013,1/30/2013,0
2/1/2013,0,0,0,0,0,,,,,,,2/1/2013,0,0,0,,,0,,2/1/2013,0
3/1/2013,0,0,1,0.0117,-0.0179,0.084,0.0151,0.0806,0.07,-0.0095,0.6482,3/20/2013,0,0.006234159,-0.0353547,0.10916,0.11283,0,3/20/2013,3/20/2013,0
4/1/2013,0,0,0,0,0,,,,,,,4/1/2013,0,0,0,,,0,,4/1/2013,0
5/1/2013,0.00258,0,1,0.0076,-0.0126,-0.097,0.0152,0.061,-0.31,-0.0402,0.5289,5/1/2013,0,0.003676319,0.0325997,0.14053,0.14225,0.00258,5/1/2013,5/1/2013,0.0025
6/1/2013,0.00682,0,1,0.0109,-0.0058,0.005,0.016,0.0567,0.3,-0.0635,0.719,6/19/2013,0,0.004280213,0.0579832,-0.06366,-0.09128,0.00682,6/19/2013,6/19/2013,0.005
7/1/2013,0,0,0,0.0058,-0.001,0.03,0.0167,0.0635,0.94,-0.085,0.7715,7/31/2013,0,0.000297808,0.0255679,-0.03255,-0.05936,0,,7/31/2013,0
8/1/2013,0,0,0,0,0,,,,,,,8/1/2013,0,0,0,,,0,,8/1/2013,0
9/1/2013,0,0,1,-0.0039,-0.0193,-0.008,0.017,0.0469,0.7,-0.0212,0.6945,9/18/2013,0,-0.004154901,-0.0556684,1.00779,1.05565,0,9/18/2013,9/18/2013,0
10/1/2013,0,0,1,0.0088,-0.0236,-0.032,0.017,0.0501,-0.1,0.0217,0.6275,10/30/2013,0,0.003478147,-0.0071817,-0.29372,-0.31274,0,10/30/2013,10/30/2013,0
11/1/2013,0,0,0,0,0,,,,,,,11/1/2013,0,0,0,,,0,,11/1/2013,0
12/1/2013,0,0,1,0.0119,-0.0246,0.023,0.0182,0.048,-0.07,-0.003,0.7862,12/18/2013,0,0.003874491,-0.0061533,0.7595,0.78802,0,12/18/2013,12/18/2013,0
1/1/2014,0.005,0,1,0.0084,-0.0011,-0.122,0.0168,0.0261,0.23,0.0058,0.3963,1/29/2014,0,0.003676319,0.0113576,-0.40308,-0.39529,0.005,1/29/2014,1/29/2014,0
2/1/2014,0,0,0,0,0,,,,,,,2/1/2014,0,0,0,,,0,,2/1/2014,0
3/1/2014,0,0,1,0.0255,0.002,0.03,0.0158,0.0493,-0.15,0.0643,0.2636,3/19/2014,0,0.013047098,0.1044821,-0.20472,-0.21469,0,3/19/2014,3/19/2014,0
4/1/2014,0,0,1,0.0116,-0.0116,-0.003,0.0168,0.048,-0.03,0.0886,0.2106,4/30/2014,0,0.00576661,-0.0106262,0.01755,0.02668,0,4/30/2014,4/30/2014,0
5/1/2014,0,0,0,0,0,,,,,,,5/1/2014,0,0,0,,,0,,5/1/2014,0
6/1/2014,0,0,1,0.0167,0.0127,-0.003,0.0176,0.0533,-0.01,-0.0136,0.1446,6/18/2014,0,0.008343061,-0.0190394,0.31782,0.33568,0,6/18/2014,6/18/2014,0
7/1/2014,0,0,1,0.0025,0.0082,0.073,0.0186,0.0556,-0.24,-0.0916,0.0927,7/30/2014,0,0.000930331,-0.0267527,0.39686,0.40705,0,7/30/2014,7/30/2014,0
8/1/2014,0,0,0,0,0,,,,,,,8/1/2014,0,0,0,,,0,,8/1/2014,0
9/1/2014,0,0,1,0.0248,0.0379,-0.078,0.019,0.0319,-0.04,-0.0894,0.0965,9/17/2014,0,0.013281913,0.0157666,0.24878,0.23824,0,9/17/2014,9/17/2014,0
10/1/2014,0,0,1,0.0331,0.0628,0.033,0.0199,0.0031,-0.17,-0.0753,-0.3273,10/29/2014,0,0.015911529,0.0770589,-0.29393,-0.32989,0,10/29/2014,10/29/2014,0.005
11/1/2014,0,0,0,0,0,,,,,,,11/1/2014,0,0,0,,,0,,11/1/2014,0
12/1/2014,0,0,1,-0.053,-0.0146,0.096,0.02,-0.0058,-0.54,-0.1133,-0.5048,12/17/2014,0,-0.029813189,0.0236076,0.74124,0.77699,0,12/17/2014,12/17/2014,-0.005
1/1/2015,0.005,0,1,-0.0014,0.0393,0.009,0.0216,0.0518,-0.47,-0.1434,-0.5721,1/28/2015,0,0.000297808,0.0247085,-0.25168,-0.28413,0.005,1/28/2015,1/28/2015,0.005
2/1/2015,0,0,0,0,0,,,,,,,2/1/2015,0,0,0,,,0,,2/1/2015,0
3/1/2015,-0.00298,0,1,-0.0648,-0.0354,0.055,0.0224,0.0235,-0.03,-0.09,-0.3141,3/18/2015,0,-0.034633368,-0.0401927,1.42474,1.47372,-0.00298,3/18/2015,3/18/2015,-0.02
4/1/2015,0,0,1,0.0057,0.0164,-0.122,0.0211,0.0302,0.17,0.0359,-0.2426,4/29/2015,0,0.004308846,-0.0415827,0.09256,0.08332,0,4/29/2015,4/29/2015,0
5/1/2015,0,0,0,0,0,,,,,,,5/1/2015,0,0,0,,,0,,5/1/2015,0
6/1/2015,-0.00577,0,1,-0.0381,-0.0471,0.06,0.0217,0.0207,0.3,0.0504,0.1412,6/17/2015,0,-0.020856025,-0.0782134,0.33272,0.17986,-0.00577,6/17/2015,6/17/2015,-0.02
7/1/2015,-0.005,0,1,-0.0034,0.0334,-0.007,0.0204,-0.0116,0.23,-0.0909,-0.2409,7/29/2015,0,-0.002066372,-0.0047382,0.12738,0.14305,-0.005,7/29/2015,7/29/2015,-0.005
8/1/2015,0,0,0,0,0,,,,,,,8/1/2015,0,0,0,,,0,,8/1/2015,0
9/1/2015,-0.05769,0,1,-0.0582,-0.0233,-0.042,0.0204,-0.0437,-0.07,-0.1079,-0.149,9/17/2015,0,-0.043128312,-0.0477514,0.14133,0.11295,-0.05769,9/17/2015,9/17/2015,-0.0525
10/1/2015,0,0,1,0.0532,0.0673,-0.058,0.0192,-0.0008,-0.19,-0.0437,-0.0622,10/28/2015,0,0.025420148,0.0671966,-0.6055,-0.71377,0,10/28/2015,10/28/2015,0.025
11/1/2015,0,0,0,0,0,,,,,,,11/1/2015,0,0,0,,,0,,11/1/2015,0
12/1/2015,0.02583,0.25,1,0.0287,0.0508,0.011,0.0192,0.0452,-0.18,-0.0954,-0.1917,12/16/2015,0,0.020479793,0.022177,0.13922,0.18326,0.02583,12/16/2015,12/16/2015,0.015
1/1/2016,0,0,1,-0.023,0.0152,0.091,0.0192,-0.0588,-0.32,-0.1141,-0.2636,1/27/2016,0,-0.016066685,-0.0168765,-0.36597,-0.35583,0,1/27/2016,1/27/2016,-0.015
2/1/2016,0,0,0,0,0,,,,,,,2/1/2016,0,0,0,,,0,,2/1/2016,0
3/1/2016,-0.0155,0,1,-0.0824,-0.0749,0.047,0.0182,-0.0156,-0.4,0.0476,-0.3014,3/16/2016,0,-0.046965335,-0.0794755,0.26709,0.27437,-0.0155,3/16/2016,3/16/2016,-0.0525
4/1/2016,0,0,1,0.0181,0.0031,0.015,0.0193,0.0925,0,0.1487,-0.3341,4/27/2016,0,0.007384839,0.0009499,0.24476,0.22774,0,4/27/2016,4/27/2016,0.005
5/1/2016,0,0,0,0,0,,,,,,,5/1/2016,0,0,0,,,0,,5/1/2016,0
6/1/2016,-0.0025,0,1,-0.0396,-0.0495,-0.117,0.0166,0.0259,-0.28,0.1433,-0.2643,6/15/2016,0,-0.020555539,-0.0346243,-0.04467,-0.04823,-0.0025,6/15/2016,6/15/2016,-0.03
7/1/2016,-0.005,0,1,0.0155,0.015,0.107,0.0172,0.0364,-0.44,0.0071,-0.1374,7/27/2016,0,0.005702325,0.011342,0.21188,0.21986,-0.005,7/27/2016,7/27/2016,0
8/1/2016,0,0,0,0,0,,,,,,,8/1/2016,0,0,0,,,0,,8/1/2016,0
9/1/2016,-0.04167,0,1,-0.0231,-0.0182,-0.038,0.0177,0.0326,-0.05,-0.0347,0.0774,9/21/2016,0,-0.020744048,0.0260284,0.29354,0.2923,-0.04167,9/21/2016,9/21/2016,-0.025
10/1/2016,0,0,0,0,0,,,,,,,10/1/2016,0,0,0,,,0,,10/1/2016,0
11/1/2016,-0.00268,0,1,0.0115,0.0162,-0.018,0.0173,-0.0276,0.22,0.0504,0.0319,11/2/2016,0,0.007112894,-0.0145308,0.06189,0.07162,-0.00268,11/2/2016,11/2/2016,0.01
12/1/2016,-0.00456,0.25,1,0.0469,0.0304,0.001,0.0165,0.0509,0.57,0.0858,0.2783,12/14/2016,0,0.023840921,0.0849372,-0.24159,-0.27609,-0.00456,12/14/2016,12/14/2016,0.0125
1/1/2017,0,0,0,0,0,,,,,,,1/1/2017,0,0,0,,,0,,1/1/2017,0
2/1/2017,-0.00259,0,1,-0.014,-0.0125,-0.019,0.0169,0.0631,0.45,0.0572,-0.0789,2/1/2017,0,-0.009733083,0.0021715,0.16147,0.16484,-0.00259,2/1/2017,2/1/2017,-0.0175
3/1/2017,0.00484,0.25,1,-0.051,-0.0349,0.039,0.0169,0.0539,-0.12,-0.0236,-0.296,3/15/2017,0,-0.016977973,-0.024953,0.28177,0.29472,0.00484,3/15/2017,3/15/2017,-0.02
4/1/2017,0,0,0,0,0,,,,,,,4/1/2017,0,0,0,,,0,,4/1/2017,0
5/1/2017,0,0,1,0.0208,0.0447,-0.08,0.016,0.0412,-0.46,-0.017,-0.5262,5/3/2017,0,0.012649077,0.0377931,0.03859,0.04201,0,5/3/2017,5/3/2017,0.0075
6/1/2017,0.01875,0.25,1,0.0285,0.0383,-0.044,0.0171,0.0282,-0.61,-0.0122,-0.2824,6/14/2017,0,0.016256727,0.0364413,-0.0406,-0.05131,0.01875,6/14/2017,6/14/2017,0.015
7/1/2017,0,0,1,-0.0034,-0.0166,0.042,0.0168,0.0532,-0.38,-0.0076,0.1922,7/26/2017,0,-0.004903129,-0.0309943,0.02098,0.0202,0,7/26/2017,7/26/2017,-0.01
8/1/2017,0,0,0,0,0,,,,,,,8/1/2017,0,0,0,,,0,,8/1/2017,0
9/1/2017,0,0,1,0.058,0.0688,-0.027,0.0154,0.0298,0.05,0.0638,-0.3306,9/20/2017,0,0.02486722,0.0346869,-0.14615,-0.15988,0,9/20/2017,9/20/2017,0.02
10/1/2017,0,0,0,0,0,,,,,,,10/1/2017,0,0,0,,,0,,10/1/2017,0
11/1/2017,-0.00259,0,1,0.0136,0.0197,-0.12,0.0142,0.0416,0.05,0.049,-0.1631,11/1/2017,0,0.005779779,0.0286077,0.08571,0.07766,-0.00259,11/1/2017,11/1/2017,0
12/1/2017,0,0.25,1,0.0008,0.0067,0.03,0.015,0.0683,-0.08,0.0038,-0.1687,12/13/2017,0,0.000920748,-0.0118447,0.07573,0.07488,0,12/13/2017,12/13/2017,0
1/1/2018,-0.005,0,1,0.0162,0.0011,-0.042,0.0144,0.0987,0.06,0.0591,0.0838,1/31/2018,0,0.008707078,0.045134,-0.10361,-0.1149,-0.005,1/31/2018,1/31/2018,0.005
2/1/2018,0,0,0,0,0,,,,,,,2/1/2018,0,0,0,,,0,,2/1/2018,0
3/1/2018,0,0.25,1,0.0036,0.0139,0.108,0.015,0.0201,-0.01,0.035,-0.2486,3/21/2018,0,0.000883358,-0.0125869,0.3479,0.36575,0,3/21/2018,3/21/2018,-0.005
4/1/2018,0,0,0,0,0,,,,,,,4/1/2018,0,0,0,,,0,,4/1/2018,0
5/1/2018,-0.00267,0,1,0.0018,0.0203,-0.075,0.0153,-0.0789,-0.17,0.0061,-0.0607,5/2/2018,0,-0.000467103,-0.0225852,0.1428,0.16027,-0.00267,5/2/2018,5/2/2018,0
6/1/2018,-0.00882,0.25,1,0.0289,0.0365,0.033,0.016,0.0001,-0.07,0.0316,-0.138,6/13/2018,0,0.012736524,0.0141501,-0.13533,-0.14338,-0.00882,6/13/2018,6/13/2018,0.0025
7/1/2018,0,0,0,0,0,,,,,,,7/1/2018,0,0,0,,,0,,7/1/2018,0
8/1/2018,0,0,1,0.0045,0.0149,0.018,0.0152,0.0534,-0.19,-0.0457,-0.0884,8/1/2018,0,0.000608371,-0.0151333,0.02134,0.02668,0,8/1/2018,8/1/2018,0
9/1/2018,0.01,0.25,1,0.0045,0.0173,0.009,0.016,0.0567,-0.06,-0.0141,-0.2246,9/26/2018,0,0.004502693,0.0062542,0.22624,0.22178,0.01,9/26/2018,9/26/2018,0.01
10/1/2018,0,0,0,0,0,,,,,,,10/1/2018,0,0,0,,,0,,10/1/2018,0
11/1/2018,0.00341,0,1,0.0168,0.031,0.062,0.016,-0.0157,-0.05,-0.008,-0.0965,11/8/2018,0,0.005118221,0.0230456,0.09441,0.08016,0.00341,11/8/2018,11/8/2018,0
12/1/2018,0.02583,0.25,1,0.0297,0.0735,-0.043,0.0151,-0.1318,-0.45,-0.0329,-0.434,12/19/2018,0,0.02115755,0.0378402,-0.94125,-0.97595,0.02583,12/19/2018,12/19/2018,0.02
1/1/2019,0,0,1,-0.0196,0.0194,0.136,0.0154,-0.0374,-0.49,-0.0329,-0.6531,1/30/2019,0,-0.013679566,-0.0577575,0.77383,0.77759,0,1/30/2019,1/30/2019,-0.005
2/1/2019,0,0,0,0,0,,,,,,,2/1/2019,0,0,0,,,0,,2/1/2019,0
3/1/2019,0,0,1,-0.027,-0.0112,-0.16,0.0135,0.0662,-0.28,0.0461,-0.5239,3/20/2019,0,-0.014343566,-0.0249419,0.50599,0.50327,0,3/20/2019,3/20/2019,-0.005
4/1/2019,0,0,0,0,0,,,,,,,4/1/2019,0,0,0,,,0,,4/1/2019,0
5/1/2019,-0.02583,0,1,-0.0374,-0.0256,0.021,0.0146,0.1003,-0.22,0.0208,-0.4845,5/1/2019,0,-0.021337574,0.0435474,0.20476,0.19482,-0.02583,5/1/2019,5/1/2019,-0.04
6/1/2019,0.06136,0,1,-0.0793,-0.0344,-0.105,0.0126,0.0332,-0.31,-0.0378,-0.7766,6/19/2019,0,-0.033750851,-0.0539402,0.23767,0.23931,0.06136,6/19/2019,6/19/2019,-0.035
7/1/2019,0.04,-0.25,1,0.0058,0.0173,0.064,0.0125,0.0246,-0.1,-0.0168,-0.0839,7/31/2019,0,0.035897031,0.0596191,-0.13745,-0.14938,0.04,7/31/2019,7/31/2019,0.045
8/1/2019,0,0,0,0,0,,,,,,,8/1/2019,0,0,0,,,0,,8/1/2019,0
9/1/2019,0.03438,-0.25,1,0.0444,0.0622,-0.03,0.0125,0.0403,-0.02,0.0253,-0.3557,9/18/2019,0,0.025609449,0.0397122,-0.37358,-0.39262,0.03438,9/18/2019,9/18/2019,0.015
10/1/2019,-0.02025,-0.25,1,0.0283,0.0571,-0.009,0.0133,-0.0185,0.03,-0.0231,-0.2622,10/30/2019,1,0.009765614,0.0265581,0.14959,0.14837,-0.0125,10/30/2019,"10/11/2019, 10/30/2019",0.015
11/1/2019,0,0,0,0,0,,,,,,,11/1/2019,0,0,0,,,0,,11/1/2019,0
12/1/2019,0,0,1,0.0051,0.0242,0.086,0.0136,0.0504,0.52,0.0144,-0.2328,12/11/2019,0,0.002622914,-0.0036693,0.16766,0.16732,0,12/11/2019,12/11/2019,-0.005
1/1/2020,0.015,0,1,0.0136,0.0313,-0.015,0.0132,0.0866,-0.13,-0.032,-0.3235,1/29/2020,0,0.011957905,0.0019942,0.02827,0.02281,0.015,1/29/2020,1/29/2020,0.01
2/1/2020,0,0,0,0,0,,,,,,,2/1/2020,0,0,0,,,0,,2/1/2020,0
3/1/2020,-0.25603,0,1,-0.419,-0.378,0.06,0.0148,-0.0139,-0.26,-0.0495,-0.5875,3/3/2020,1,0,0,0.65188,0.69044,-0.25603,3/3/2020,"3/3/2020, 3/15/2020",-0.145
4/1/2020,-0.03,0,1,0.0029,0.0978,-0.601,0.004,-0.1405,0.43,-0.1936,-0.3024,4/29/2020,0,-0.007720981,-0.042743,-0.18878,-0.19611,-0.03,4/29/2020,4/29/2020,-0.02
5/1/2020,0,0,0,0,0,,,,,,,5/1/2020,0,0,0,,,0,,5/1/2020,0
6/1/2020,0,-1.625,1,0.0051,-0.0231,10.009,-0.1242,0.076,0.33,-0.01,-0.2826,6/10/2020,0,0.001586027,0.0011191,0.59258,0.53764,0,6/10/2020,6/10/2020,0
7/1/2020,0.005,0,1,0.0016,0.0156,1.57,-0.0915,0.1262,-0.03,0.1697,-0.037,7/29/2020,0,-0.000677888,-0.0320311,0.06893,0.07712,0.005,7/29/2020,7/29/2020,0
8/1/2020,0,0,1,0.0079,0.0183,0.283,-0.0806,0.1508,0.05,0.1892,0.1666,8/27/2020,1,0,0,,,0,8/27/2020,8/27/2020,0
9/1/2020,-0.00536,0,1,0.0084,0.0173,0.021,-0.0712,0.1118,-0.01,0.1501,0.3678,9/16/2020,0,0.002519547,-0.0140807,0.40618,0.40382,-0.00536,9/16/2020,9/16/2020,0
10/1/2020,0,0,0,0,0,,,,,,,10/1/2020,0,0,0,,,0,,10/1/2020,0
11/1/2020,0,0,1,0.0057,0.0336,-0.198,-0.061,0.0406,0.23,0.0733,0.4311,11/5/2020,0,-0.000102102,0.0169934,0.0341,0.02135,0,11/5/2020,11/5/2020,0
12/1/2020,-0.00517,0,1,0.0096,0.0162,-0.215,-0.0605,0.088,0.27,0.0844,0.7379,12/16/2020,0,0.003613136,-0.0072862,-0.16237,-0.15931,-0.00517,12/16/2020,12/16/2020,0
1/1/2021,0.0025,0,1,0.0064,0.0172,-0.19,-0.063,0.1138,0.29,0.103,0.5436,1/27/2021,0,0.004566316,0.0060225,-0.34152,-0.33775,0.0025,1/27/2021,1/27/2021,0.005
2/1/2021,0,0,0,0,0,,,,,,,2/1/2021,0,0,0,,,0,,2/1/2021,0
3/1/2021,-0.00554,0,1,0.0005,0.0031,0.179,-0.06,0.076,0.76,0.1334,0.7227,3/17/2021,0,-0.00337777,-0.0622016,0.53485,0.53907,-0.00554,3/17/2021,3/17/2021,-0.005
4/1/2021,-0.005,0,1,0.0058,0.0164,0.256,-0.0449,0.0861,0.64,0.1174,0.3011,4/28/2021,0,0.001089427,-0.016384,0.05755,0.07477,-0.005,4/28/2021,4/28/2021,-0.005
5/1/2021,0,0,0,0,0,,,,,,,5/1/2021,0,0,0,,,0,,5/1/2021,0
6/1/2021,0.02679,0,1,0.0284,-0.0547,-0.116,0.0864,0.0741,-0.12,0.0772,0.4949,6/16/2021,0,0.017184248,0.0676557,-0.49477,-0.49859,0.02679,6/16/2021,6/16/2021,0.01
7/1/2021,0,0,1,0.0101,-0.0389,0.13,0.0576,0.0516,-0.42,0.0478,0.1513,7/28/2021,0,0.002836511,-0.0079431,0.18406,0.17644,0,7/28/2021,7/28/2021,0
8/1/2021,0,0,0,0,0,,,,,,,8/1/2021,0,0,0,,,0,,8/1/2021,0
9/1/2021,0,0,1,0.0082,-0.023,-0.498,0.0448,0.0441,-0.14,0.0424,0.2732,9/22/2021,0,0.006116634,0.0365631,0.37317,0.35859,0,9/22/2021,9/22/2021,0
10/1/2021,0,0,0,0,0,,,,,,,10/1/2021,0,0,0,,,0,,10/1/2021,0
11/1/2021,0,0,1,0.0147,-0.024,-0.306,0.0417,0.054,0.37,0.0924,0.3943,11/3/2021,0,0.003501754,-0.0032552,0.23372,0.22721,0,11/3/2021,11/3/2021,0.0025
12/1/2021,-0.00484,0,1,0.0575,0.0427,-0.34,0.0441,0.0363,0.15,-0.0194,0.226,12/15/2021,0,0.020082738,-0.0164636,0.62031,0.57237,-0.00484,12/15/2021,12/15/2021,0.0075
1/1/2022,-0.01,0,1,0.0024,-0.0177,-0.251,0.0496,-0.0434,0.02,-0.0027,0.3459,1/26/2022,0,-0.000858577,0,-0.2151,-0.1985,-0.01,1/26/2022,1/26/2022,-0.005
2/1/2022,0,0,0,0,0,,,,,,,2/1/2022,0,0,0,,,0,,2/1/2022,0
3/1/2022,-0.02067,0,1,0.1381,0.1021,0.255,0.0505,-0.0908,0.3,0.2313,-0.0964,3/16/2022,0,0.055966116,0.0996999,-0.74763,-0.76101,-0.02067,3/16/2022,3/16/2022,0.02
4/1/2022,0,0,0,0,0,,,,,,,4/1/2022,0,0,0,,,0,,4/1/2022,0
5/1/2022,-0.02009,0,1,-0.0231,-0.046,-0.059,0.0476,-0.0596,0.44,0.1571,-0.01,5/4/2022,0,-0.024109425,-0.0811801,-0.14965,-0.16759,-0.02009,5/4/2022,5/4/2022,-0.02
6/1/2022,0.045,0.25,1,0.0936,0.0884,0.072,0.0464,-0.1182,-0.03,0.0299,0.0356,6/15/2022,0,0.052804969,-0.1493466,-0.12554,-0.08618,0.045,6/15/2022,"6/13/2022, 6/15/2022",0.205
7/1/2022,-0.015,0,1,0.0101,0.0024,0.107,0.0438,-0.1138,-1.68,-0.1012,0.0005,7/27/2022,0,-0.000316224,-0.0618183,0.05081,0.06284,-0.015,7/27/2022,7/27/2022,-0.02
8/1/2022,0,0.5,0,0,0,,,,,,,8/1/2022,0,0,0,,,0,,8/1/2022,0
9/1/2022,-0.03333,0.75,1,0.1346,0.1084,0.017,0.0403,0.0503,-1.39,-0.0865,0.0862,9/21/2022,0,0.048998717,0.104439,-1.35205,-1.38846,-0.03333,9/21/2022,9/21/2022,0.04
10/1/2022,0,0.75,0,0,0,,,,,,,10/1/2022,0,0,0,,,0,,10/1/2022,0
11/1/2022,-0.00268,0,1,-0.0788,-0.0807,0.008,0.0353,-0.0659,-0.35,-0.0451,0.16,11/2/2022,0,-0.040092029,0.0203862,0.70408,0.69157,-0.00268,11/2/2022,11/2/2022,-0.065
12/1/2022,0,0.75,1,0.0907,0.0836,0.063,0.0327,-0.0223,-0.98,-0.0565,-0.0049,12/14/2022,0,0.048587266,-0.0055502,-1.14497,-1.16971,0,12/14/2022,12/14/2022,0.045
1/1/2023,0,0,0,0,0,,,,,,,1/1/2023,0,0,0,,,0,,1/1/2023,0
2/1/2023,-0.00778,0.75,1,0.0259,0.0026,0.018,0.0312,0.0622,-1.02,-0.0248,0.0264,2/1/2023,0,0.011769391,-0.0292868,0.13746,0.13506,-0.00778,2/1/2023,2/1/2023,0.005
3/1/2023,0.03444,0.5,1,-0.0599,-0.0537,0.086,0.0274,0.0019,-0.53,-0.0737,-0.0677,3/22/2023,0,-0.014379041,-0.1206863,0.28513,0.27857,0.03444,3/22/2023,3/22/2023,0.015
4/1/2023,0,0,0,0,0,,,,,,,4/1/2023,0,0,0,,,0,,4/1/2023,0
5/1/2023,0.01384,0.25,1,0.0314,0.0544,0.006,0.025,0.012,-0.62,-0.0776,-0.4183,5/3/2023,0,0.019887693,-0.05631,0.11806,0.12046,0.01384,5/3/2023,5/3/2023,0.02
6/1/2023,-0.01875,0.25,1,0.0979,0.0967,0.144,0.0251,0.1235,-0.28,-0.0407,-0.2519,6/14/2023,0,0.053602178,0.0808154,-0.69926,-0.69226,-0.01875,6/14/2023,6/14/2023,0.035
7/1/2023,0,0,1,0.0141,0.0053,-0.021,0.0239,0.1007,0.12,0.0168,-0.0253,7/26/2023,0,0.007135348,-0.0411155,0.08908,0.08179,0,7/26/2023,7/26/2023,0
8/1/2023,0,0.25,0,0,0,,,,,,,8/1/2023,0,0,0,,,0,,8/1/2023,0
9/1/2023,-0.0075,0,1,0.0869,0.0924,0.017,0.0203,0.0041,0.48,0.0443,-0.0121,9/20/2023,0,0.04304627,0.0389118,-0.17053,-0.18928,-0.0075,9/20/2023,9/20/2023,0.0275
10/1/2023,0,0.25,0,0,0,,,,,,,10/1/2023,0,0,,,,0,,10/1/2023,0
11/1/2023,-0.00259,0,1,-0.0062,0.0281,0.166,0.0189,-0.09,0.78,-0.0041,-0.1281,11/1/2023,0,-0.005548875,,0.01259,0.01773,-0.00259,11/1/2023,11/1/2023,-0.015
12/1/2023,-0.00431,0,1,-0.0819,-0.0435,0.014,0.0184,0.0342,0.03,-0.0937,-0.4345,12/13/2023,0,-0.045978911,,0.66225,0.63107,-0.00431,12/13/2023,12/13/2023,-0.025
1/1/2024,0.0025,0,1,,,,,,,,,1/31/2024,0,0.016593637,,-0.30595,-0.30568,0.0025,1/31/2024,1/31/2024,0.02
2/1/2024,0,0,0,,,,,,,,,2/1/2024,0,0,,,,0,,2/1/2024,0
3/1/2024,0,0,1,,,,,,,,,3/20/2024,0,-0.009144048,,0.23831,0.2479,0,3/20/2024,3/20/2024,-0.005
4/1/2024,0,0,0,,,,,,,,,4/1/2024,0,0,,,,0,,4/1/2024,0
5/1/2024,0,0,1,,,,,,,,,5/1/2024,0,-0.002396396,,0.11812,0.12855,0,5/1/2024,5/1/2024,-0.005
6/1/2024,0,0,1,,,,,,,,,6/12/2024,0,,,-0.01564,-0.0092,0,6/12/2024,6/12/2024,0.015
7/1/2024,0.0025,0,1,,,,,,,,,7/31/2024,0,,,0.13364,0.13038,0.0025,7/31/2024,7/31/2024,0.015
8/1/2024,0,0,0,,,,,,,,,8/1/2024,0,,,,,0,,8/1/2024,0
9/1/2024,-0.11875,-0.5,1,,,,,,,,,9/18/2024,0,,,0.37888,0.3611,-0.11875,9/18/2024,9/18/2024,-0.11
10/1/2024,0,0,0,,,,,,,,,10/1/2024,0,,,,,0,,10/1/2024,0
11/1/2024,-0.00326,-0.25,1,,,,,,,,,11/7/2024,0,,,0.01338,-0.00417,-0.00326,11/7/2024,11/7/2024,0.015
12/1/2024,-0.01192,-0.25,1,,,,,,,,,12/18/2024,0,,,-0.80971,-0.83047,-0.01192,12/18/2024,12/18/2024,0.02
1/1/2025,0,0,1,,,,,,,,,1/29/2025,0,,,-0.35946,-0.3549,0,1/29/2025,1/29/2025,0.015
2/1/2025,0,0,0,,,,,,,,,2/1/2025,0,,,,,0,,2/1/2025,0
3/1/2025,0,0,1,,,,,,,,,3/19/2025,0,,,0.37776,0.35953,0,3/19/2025,3/19/2025,-0.005
4/1/2025,0,0,0,,,,,,,,,4/1/2025,0,,,,,0,,4/1/2025,0
5/1/2025,0,0,1,,,,,,,,,5/7/2025,0,,,-0.48466,-0.45349,0,5/7/2025,5/7/2025,-0.01
6/1/2025,0,0,1,,,,,,,,,6/18/2025,0,,,-0.10658,-0.10321,0,6/18/2025,6/18/2025,-0.005
7/1/2025,0.005,0,1,,,,,,,,,7/30/2025,0,,,-0.03987,-0.03896,0.005,7/30/2025,7/30/2025,-0.005
