date,dff,dtb,CCrate,ffr,rCD,gsr,rsr
1978-01,6.53,6.13,,-1.84413034,-1.43413034,,
1978-02,6.79,6.42,,0.443504264,0.553504264,,
1978-03,6.83,6.42,,-0.162077563,-0.132077563,,
1978-04,6.97,6.47,,0.046507823,0.106507823,,
1978-05,7.25,6.35,,0.53349364,0.68349364,,
1978-06,7.43,6.65,,-0.00303662,0.39696338,,
1978-07,8.01,7.01,,-2.014195399,-1.904195399,,
1978-08,8,6.76,,1.808076203,1.868076203,,
1978-09,8.4,7.54,,-0.53931365,-0.29931365,,
1978-10,8.9,7.98,,-0.006460674,0.533539326,,
1978-11,9.35,8.75,,0.755509732,2.125509732,,
1978-12,9.94,9.01,,0.492522776,1.272522776,,
1979-01,10.84,9.26,,0.101294728,-0.228705272,,
1979-02,10.57,9.29,,1.505635054,1.125635054,,
1979-03,10.24,9.45,,-0.653241763,-0.763241763,,
1979-04,10.07,9.44,,-0.059093219,-0.069093219,,
1979-05,10.43,9.56,,0.132230654,-0.137769346,,
1979-06,10.31,9.57,,-0.089044654,-0.449044654,,
1979-07,10.54,8.95,,-0.167157879,-0.597157879,,
1979-08,10.81,9.18,,0.045713382,-0.054286618,,
1979-09,11.29,9.81,,0.878959416,1.478959416,,
1979-10,12.16,10.12,,-0.421042926,1.078957074,,
1979-11,14.82,12.12,,3.06188857,2.14188857,,
1979-12,13.96,11.49,,0.753797003,0.223797003,,
1980-01,14.77,12.04,,2.058947499,0.678947499,,
1980-02,13.4,12,,-0.267071073,0.632928927,,
1980-03,16.33,14.01,,2.522007027,3.762007027,,
1980-04,19.85,14.24,,7.78301655,4.07301655,,
1980-05,14.64,10.39,,0.628226705,-4.221773295,,
1980-06,11.06,7.75,,-5.168680011,-7.738680011,,
1980-07,10.44,7.88,,0.056883579,-1.733116421,,
1980-08,9.93,8.62,,-5.213777223,-5.233777223,,
1980-09,10.74,9.96,,-2.556101528,-2.006101528,,
1980-10,13.19,11.44,,1.918646718,1.668646718,,
1980-11,13.77,12.71,,-0.373550215,1.536449785,,
1980-12,18.56,14.48,,6.454968381,6.544968381,,
1981-01,22,14.3,,11.4048685,6.5948685,,
1981-02,17.25,14.59,,7.878555626,6.768555626,,
1981-03,15.53,14.22,,4.03351645,2.93351645,,
1981-04,14.63,12.46,,5.65073248,6.10073248,,
1981-05,18.92,14.86,,9.485278704,8.835278704,,
1981-06,17.56,15.1,,8.455917506,7.795917506,,
1981-07,18.64,14.28,,9.277572257,8.397572257,,
1981-08,17.46,14.87,,4.08704226,4.58704226,,
1981-09,16.83,15.52,,5.68958156,5.69958156,,
1981-10,16.58,14.34,,4.945564717,3.755564717,,
1981-11,14.44,12.75,,7.201785588,5.241785588,,
1981-12,12.44,10.37,,3.501174505,3.551174505,,
1982-01,13.13,11.08,,4.159913649,4.539913649,,
1982-02,14.21,12.52,,7.365772152,8.155772152,,
1982-03,13.74,12.44,,4.983798504,5.453798504,,
1982-04,16.8,13.26,,11.00468209,8.644682093,,
1982-05,15.28,12.34,,4.945292681,3.465292681,,
1982-06,13.38,11.5,,4.786184003,5.866184003,,
1982-07,14.58,12.76,,7.704779281,6.564779281,,
1982-08,11.41,10.17,,5.254999034,4.454999034,,
1982-09,10.63,8.42,,4.957537224,4.987537224,,
1982-10,12.17,7.62,,6.931993005,4.271993005,,
1982-11,9.41,7.9,,5.416903005,4.956903005,,
1982-12,8.93,8.28,,5.814115796,5.544115796,,
1983-01,11.2,7.92,,6.78424471,3.94424471,,
1983-02,8.56,8.1,,6.185877377,6.165877377,,
1983-03,8.53,7.93,,0.811601858,0.971601858,,
1983-04,10.81,8.64,,6.976565304,4.796565304,,
1983-05,8.84,8.08,,5.361774657,5.011774657,,
1983-06,8.94,8.63,,6.218651782,6.478651782,,
1983-07,10.06,8.79,,7.362983435,6.802983435,,
1983-08,9.52,9.22,,6.906221584,7.156221584,,
1983-09,9.59,9.26,,6.295786229,6.095786229,,
1983-10,10.59,8.71,,7.732706075,6.322706075,,
1983-11,9.43,8.51,,5.85408237,5.78408237,,
1983-12,9.34,8.88,,5.495958707,5.845958707,,
1984-01,9.92,8.97,,5.232562841,4.732562841,,
1984-02,9.35,8.89,,4.488850289,4.678850289,,
1984-03,9.45,9.14,,3.82741199,4.45741199,,
1984-04,10.24,9.72,,5.118705239,5.288705239,,
1984-05,10.9,9.72,,6.216517503,6.426517503,,
1984-06,10.81,9.75,,6.988715899,7.518715899,,
1984-07,10.85,9.92,,6.70845814,7.41845814,,
1984-08,11.83,10.4,,7.090160742,6.730160742,,
1984-09,11.64,10.63,,6.100659714,5.750659714,,
1984-10,11.23,10.22,,6.66939782,5.81939782,,
1984-11,9.99,9.01,,5.607107768,4.797107768,,
1984-12,8.92,8.44,,4.96356948,4.64356948,,
1985-01,8.74,7.85,,4.408336982,3.808336982,,
1985-02,8.73,8.05,,4.660549863,4.620549863,,
1985-03,8.74,8.5,,3.999508879,4.279508879,,
1985-04,8.58,8.18,,4.605055252,4.515055252,,
1985-05,8.58,7.85,,4.174079521,3.514079521,,
1985-06,7.64,7.14,,4.21304978,4.01304978,,
1985-07,7.95,6.83,,3.976858885,3.666858885,,
1985-08,8.61,7.28,,4.555275115,3.755275115,,
1985-09,7.8,7.14,,3.511064862,3.641064862,,
1985-10,8.84,7.04,,5.263101058,4.303101058,,
1985-11,8.08,7.19,,3.440863439,3.170863439,,
1985-12,8.54,7.16,,5.067494762,4.327494762,,
1986-01,13.46,7.05,,9.223809161,3.583809161,,
1986-02,8.09,6.97,,4.907308962,4.507308962,,
1986-03,7.95,7.02,,4.464400873,3.754400873,,
1986-04,8.06,6.34,,4.560897365,3.100897365,,
1986-05,7.05,6.1,,3.79539935,3.39539935,,
1986-06,6.84,6.3,,3.874414237,3.764414237,,
1986-07,7.72,5.96,,4.46894121,3.11894121,,
1986-08,6.35,5.79,,3.493844609,3.063844609,,
1986-09,5.77,5.17,,2.324084216,2.264084216,,
1986-10,6.9,5.2,,4.29122067,3.08122067,,
1986-11,5.93,5.2,,3.046415207,2.876415207,,
1986-12,6.03,5.39,,3.462872946,3.472872946,,
1987-01,14.35,5.67,,11.51377083,3.033770826,5.1,2.263770826
1987-02,6.28,5.6,,3.457076505,3.277076505,5.1,2.277076505
1987-03,6.02,5.45,,2.650748155,2.800748155,5.1,1.730748155
1987-04,6.23,5.61,,1.828877468,2.118877468,5.1,0.698877468
1987-05,7.63,5.53,,3.80498553,3.16498553,5.2,1.37498553
1987-06,6.63,5.68,,2.964550151,3.274550151,5.3,1.634550151
1987-07,6.56,5.73,,2.4459197,2.5859197,5.3,1.1859197
1987-08,6.75,6.07,,2.826649292,2.826649292,5.3,1.376649292
1987-09,6.95,6.25,,2.32808778,2.74808778,5.4,0.77808778
1987-10,8.38,6.61,,4.208917576,3.848917576,5.4,1.228917576
1987-11,6.62,5.27,,2.377522291,2.997522291,5.4,1.157522291
1987-12,7.19,5.21,,2.782165602,3.252165602,5.4,0.992165602
1988-01,6.89,5.68,,2.788798905,2.818798905,5.4,1.298798905
1988-02,6.79,5.64,,2.522848378,2.332848378,5.3,1.032848378
1988-03,6.67,5.62,,2.424769868,2.384769868,5.3,1.054769868
1988-04,6.83,5.71,,2.679582035,2.769582035,5.3,1.149582035
1988-05,6.98,5.98,,2.324606771,2.584606771,5.4,0.744606771
1988-06,7.48,6.43,,2.176817883,2.206817883,5.5,0.196817883
1988-07,8.27,6.56,,4.109856567,3.779856567,5.5,1.339856567
1988-08,7.84,6.95,,4.00173025,4.51173025,5.6,1.76173025
1988-09,8.14,7.3,,3.719116722,3.809116722,5.6,1.179116722
1988-10,8.54,7.25,,4.361593779,4.181593779,5.6,1.421593779
1988-11,8.39,7.36,,3.70421747,4.09421747,5.6,0.91421747
1988-12,8.5,7.83,,4.408376041,5.158376041,5.6,1.508376041
1989-01,9.04,8.1,,3.674156901,3.834156901,5.6,0.234156901
1989-02,9.14,8.39,,4.906498118,5.276498118,5.6,1.366498118
1989-03,9.87,8.71,,4.289844193,4.509844193,5.7,0.119844193
1989-04,9.79,8.9,,4.665916752,4.815916752,5.7,0.575916752
1989-05,9.82,8.41,,5.725879485,5.495879485,5.7,1.605879485
1989-06,10.48,8.61,,5.195959092,3.915959092,5.7,0.415959092
1989-07,9.63,7.99,,5.472998441,4.602998441,5.7,1.542998441
1989-08,8.94,7.8,,4.45938355,4.15938355,5.7,1.21938355
1989-09,8.92,7.89,,4.258472375,4.118472375,5.7,1.038472375
1989-10,9.24,7.91,,4.818241585,4.178241585,5.7,1.278241585
1989-11,8.89,7.77,,4.28927742,3.78927742,5.7,1.09927742
1989-12,8.6,7.59,,3.189246671,2.909246671,5.6,0.189246671
1990-01,7.97,7.55,,3.061745196,3.251745196,5.7,0.791745196
1990-02,8.26,7.74,,3.760214151,3.720214151,5.7,1.200214151
1990-03,8.29,7.77,,3.334275406,3.394275406,5.7,0.744275406
1990-04,8.3,7.8,,3.703762494,3.823762494,5.7,1.103762494
1990-05,8.23,7.79,,3.04144527,3.16144527,5.7,0.51144527
1990-06,8.23,7.75,,3.865155176,3.865155176,5.7,1.335155176
1990-07,8.32,7.74,,1.493779288,1.273779288,5.7,-1.126220712
1990-08,8.05,7.49,,2.263434157,2.183434157,5.7,-0.086565843
1990-09,8.06,7.39,,1.999922879,1.999922879,5.7,-0.360077121
1990-10,8.03,7.14,,2.196656545,2.226656545,5.7,-0.133343455
1990-11,9.52,7.11,,3.706734408,2.216734408,5.6,-0.213265592
1990-12,7.61,7.02,,2.7528924,2.9628924,5.5,0.6428924
1991-01,5.53,6.44,,0.589422917,2.229422917,5.4,0.459422917
1991-02,8.18,6.19,,2.818203056,1.158203056,5.3,-0.061796944
1991-03,6.99,6.04,,2.065426858,1.525426858,5.2,0.275426858
1991-04,5.53,5.74,,0.68143212,1.21143212,5.2,0.35143212
1991-05,5.98,5.51,,0.54873641,0.47873641,5.2,-0.23126359
1991-06,5.92,5.53,,1.389605908,1.539605908,5.1,0.569605908
1991-07,6.74,5.54,,2.030296438,1.270296438,5.1,0.390296438
1991-08,5.85,5.53,,1.948203087,1.748203087,4.9,0.998203087
1991-09,5.5,5.33,,1.270252836,1.240252836,4.7,0.470252836
1991-10,5.6,5.11,,2.326599521,2.056599521,4.6,1.326599521
1991-11,5.23,4.82,,1.737647691,1.447647691,4.2,0.707647691
1991-12,4.86,4.35,,1.179947181,0.789947181,3.9,0.219947181
1992-01,4.09,3.88,,0.863047825,0.823047825,3.8,0.573047825
1992-02,4.4,3.84,,1.10545529,0.77545529,3.7,0.40545529
1992-03,4.13,3.93,,0.041750864,0.161750864,3.6,-0.488249136
1992-04,4.07,4.05,,0.63402865,0.56402865,3.5,0.06402865
1992-05,3.85,3.7,,0.14623785,0.11623785,3.4,-0.30376215
1992-06,3.8,3.7,,0.838110229,0.898110229,3.3,0.338110229
1992-07,4.53,3.57,,0.952437752,-0.207562248,3.1,-0.477562248
1992-08,3.37,3.18,,-0.179261852,-0.239261852,3,-0.549261852
1992-09,3.51,3.16,,0.570502588,0.190502588,2.9,-0.039497412
1992-10,4.47,2.69,,0.915591412,-0.294408588,2.8,-0.754408588
1992-11,3.04,2.96,,-0.171646424,0.368353576,2.8,-0.411646424
1992-12,3.45,3.27,,0.140991333,0.170991333,2.7,-0.609008667
1993-01,2.66,3.08,,-1.054602906,-0.524602906,2.7,-1.014602906
1993-02,3.02,2.9,,-0.282129416,-0.182129416,2.7,-0.602129416
1993-03,3.18,2.95,,0.098583595,0.028583595,2.6,-0.481416405
1993-04,3.83,2.89,,0.635325076,-0.104674924,2.6,-0.594674924
1993-05,3.01,2.91,,-1.019754973,-0.929754973,2.6,-1.429754973
1993-06,3.02,3.06,,0.249277825,0.439277825,2.5,-0.270722175
1993-07,3.92,3.03,,0.652484863,-0.107515137,2.5,-0.767515137
1993-08,3.07,3.03,,0.148626715,0.218626715,2.5,-0.421373285
1993-09,3.19,3.01,,-0.201070456,-0.271070456,2.4,-0.991070456
1993-10,3.99,2.92,,1.454291493,0.704291493,2.4,-0.135708507
1993-11,3.03,3.03,,-0.189180728,0.130819272,2.4,-0.819180728
1993-12,3.16,3.14,,0.306156067,0.406156067,2.4,-0.453843933
1994-01,2.85,3.01,,0.069944101,0.369944101,2.4,-0.380055899
1994-02,3.68,2.96,,0.703893824,0.453893824,2.4,-0.576106176
1994-03,3.49,3.36,,0.554854605,0.834854605,2.5,-0.435145395
1994-04,4.18,3.48,,1.425655743,1.255655743,2.5,-0.254344257
1994-05,3.73,3.87,,1.465808426,2.245808426,2.6,0.335808426
1994-06,4.6,4.16,,1.662971104,1.582971104,2.7,-0.237028896
1994-07,5.96,4.15,,2.899586532,1.669586532,2.8,-0.260413468
1994-08,4.29,4.27,,1.048089143,1.568089143,2.8,-0.441910857
1994-09,4.7,4.56,,2.021030322,2.351030322,2.9,0.221030322
1994-10,5.44,4.67,,2.45515376,2.52515376,3,0.01515376
1994-11,4.9,5.03,15.71497416,2.307594131,3.197594131,3,0.407594131
1994-12,5.66,5.56,15.63539578,3.003303618,3.633303618,3,0.343303618
1995-01,4.94,5.53,15.55677971,2.001966727,3.301966727,3.1,0.161966727
1995-02,5.86,5.83,15.47912594,2.715695216,3.015695216,3.1,-0.044304784
1995-03,6.1,5.76,15.76654658,3.093175375,3.143175375,3.2,0.193175375
1995-04,6.3,5.7,16.0541061,3.418932228,3.228932228,3.2,0.318932228
1995-05,6.06,5.69,16.32299756,3.01108504,2.97108504,3.2,0.15108504
1995-06,6.17,5.63,16.11772217,3.080710603,2.810710603,3.2,0.110710603
1995-07,6.11,5.44,15.90026682,3.117707314,2.777707314,3.2,0.207707314
1995-08,5.97,5.42,15.68381344,3.214538776,3.014538776,3.2,0.444538776
1995-09,5.93,5.29,15.68394241,2.990453225,2.790453225,3.1,0.160453225
1995-10,6.2,5.24,15.68432932,3.306791443,2.896791443,3.1,0.206791443
1995-11,5.97,5.32,15.68497416,3.185173735,2.955173735,3.1,0.315173735
1995-12,6.11,5.32,15.66206245,3.152936722,2.662936722,3.1,0.142936722
1996-01,4.73,4.96,15.64011305,1.792443697,2.452443697,3.1,0.162443697
1996-02,5.71,4.91,15.61912594,2.731027435,2.171027435,3.1,0.121027435
1996-03,6.05,4.89,15.54987991,3.057101161,2.297101161,3.1,0.107101161
1996-04,5.25,5,15.48077277,2.353743299,2.463743299,3.1,0.203743299
1996-05,5.5,5.01,15.39299756,2.856475825,2.716475825,3,0.356475825
1996-06,5.31,5.04,15.41772217,2.390831418,2.540831418,3,0.080831418
1996-07,5,5.04,15.43026682,2.046300984,2.576300984,3,0.046300984
1996-08,6.75,5.18,15.44381344,3.858044744,2.508044744,2.9,0.008044744
1996-09,5.28,5.15,15.45060908,2.551670104,2.781670104,2.9,0.171670104
1996-10,6.09,4.91,15.45766265,3.214314387,2.534314387,2.9,0.024314387
1996-11,5.63,5.03,15.46497416,2.634370564,2.384370564,2.9,-0.095629436
1996-12,5.44,5,15.42539578,2.348381087,2.348381087,2.9,-0.191618913
1997-01,6.26,5.07,15.38677971,3.407073338,2.577073338,2.9,0.047073338
1997-02,5.37,5.02,15.34912594,2.731819456,2.731819456,2.9,0.261819456
1997-03,5.5,5.09,15.49987991,2.624837203,2.654837203,2.9,0.024837203
1997-04,7.07,5.21,15.65077277,4.573031693,3.213031693,2.9,0.403031693
1997-05,5.82,5.14,15.78299756,3.44810762,3.32810762,2.9,0.52810762
1997-06,5.58,4.82,15.72105551,3.258012837,3.338012837,3,0.678012837
1997-07,6.87,5.06,15.64693348,4.512549238,3.242549238,3,0.642549238
1997-08,5.96,5.11,15.57381344,3.509979974,3.149979974,3,0.549979974
1997-09,5.52,5.1,15.61060908,3.234670515,3.314670515,3,0.714670515
1997-10,5.81,4.93,15.64766265,3.479418163,3.319418163,3,0.669418163
1997-11,5.56,5.07,15.68497416,3.531613613,3.711613613,3,0.971613613
1997-12,5.5,5.08,15.63539578,3.81292236,4.11292236,2.9,1.21292236
1998-01,5.84,5.22,15.58677971,3.722183481,3.422183481,2.9,0.782183481
1998-02,5.48,5.06,15.53912594,3.462730774,3.522730774,2.9,0.882730774
1998-03,5.57,5.18,15.61987991,3.746210313,3.756210313,2.9,1.076210313
1998-04,5.88,5.02,15.70077277,3.836041758,3.536041758,2.9,0.856041758
1998-05,5.59,4.87,15.76299756,3.489636304,3.489636304,2.9,0.799636304
1998-06,5.63,4.89,15.72438884,3.69975043,3.66975043,2.9,0.96975043
1998-07,7.06,4.97,15.67360015,5.153607204,3.683607204,2.8,0.893607204
1998-08,5.63,4.97,15.62381344,3.639250709,3.589250709,2.7,0.709250709
1998-09,5.89,4.77,15.64060908,3.7842435,3.3042435,2.6,0.4942435
1998-10,6.14,4.26,15.65766265,4.375186908,3.445186908,2.6,0.835186908
1998-11,5.35,4.23,15.67497416,3.231078825,3.121078825,2.5,0.381078825
1998-12,5.11,4.42,15.42539578,2.920832471,2.950832471,2.5,0.310832471
1999-01,4.07,4.37,15.17677971,2.209576636,3.029576636,2.4,0.539576636
1999-02,4.79,4.37,14.92912594,2.692311257,2.802311257,2.4,0.302311257
1999-03,4.84,4.55,14.95987991,2.918544972,2.988544972,2.4,0.478544972
1999-04,4.98,4.37,14.99077277,2.65003168,2.55003168,2.5,0.17003168
1999-05,5.03,4.43,15.00299756,3.154274487,3.044274487,2.5,0.624274487
1999-06,4.61,4.53,14.87105551,2.465370201,2.985370201,2.6,0.455370201
1999-07,5.12,4.65,14.72693348,2.924581074,3.044581074,2.6,0.404581074
1999-08,5.07,4.62,14.58381344,3.025594464,3.365594464,2.7,0.655594464
1999-09,5.57,4.84,14.63060908,3.046880834,2.976880834,2.7,0.176880834
1999-10,5.51,4.74,14.67766265,3.182339044,3.802339044,2.7,0.372339044
1999-11,5.27,4.97,14.72497416,2.831113904,3.561113904,2.7,0.261113904
1999-12,5.63,5.15,14.64872912,3.293806713,3.713806713,2.8,0.463806713
2000-01,3.99,5.17,14.57344638,1.577489326,3.537489326,2.8,0.387489326
2000-02,5.87,5.53,14.49912594,2.853136034,2.993136034,2.8,-0.216863966
2000-03,5.85,5.62,14.61321325,2.738068806,3.028068806,2.9,-0.211931194
2000-04,6.17,5.72,14.72743944,3.667402197,3.777402197,2.9,0.397402197
2000-05,6.06,5.66,14.82299756,3.361187035,4.011187035,2.9,0.201187035
2000-06,6.83,5.48,14.94105551,3.548405836,3.448405836,2.9,-0.381594164
2000-07,6.86,5.71,15.04693348,4.081181882,3.891181882,2.9,0.121181882
2000-08,6.64,6.03,15.15381344,3.386684707,3.356684707,2.9,-0.353315293
2000-09,6.65,6.13,15.17060908,3.265785485,3.215785485,2.9,-0.484214515
2000-10,6.6,6.05,15.18766265,3.82039267,3.89039267,2.9,0.12039267
2000-11,6.59,6.19,15.20497416,3.609952272,3.669952272,2.9,-0.080047728
2000-12,6.62,6.03,15.07872912,3.314995077,3.144995077,2.8,-0.505004923
2001-01,5.41,5.73,14.95344638,2.417774523,2.627774523,2.7,-0.292225477
2001-02,5.74,4.86,14.82912594,2.543225316,2.063225316,2.6,-0.596774684
2001-03,5.59,4.73,14.79654658,2.415889404,1.715889404,2.4,-0.774110596
2001-04,5.29,4.2,14.7641061,2.166367038,1.406367038,2.3,-0.823632962
2001-05,4.67,3.86,14.71299756,1.707461758,1.057461758,2.2,-0.762538242
2001-06,4.24,3.55,14.63438884,1.597697743,1.097697743,2,-0.642302257
2001-07,3.95,3.57,14.54360015,1.029616941,0.739616941,1.9,-1.020383059
2001-08,3.82,3.46,14.45381344,0.913467747,0.573467747,1.8,-1.106532253
2001-09,3.66,3.3,14.25060908,2.278130552,1.488130552,1.6,0.218130552
2001-10,2.75,2.35,14.04766265,1.15671752,0.71671752,1.5,-0.09328248
2001-11,2.66,2.01,13.84497416,-2.064941677,-2.694941677,1.4,-3.324941677
2001-12,2.06,1.75,13.62872912,-0.420042745,-0.650042745,1.3,-1.180042745
2002-01,1.52,1.71,13.41344638,-0.792737454,-0.572737454,1.3,-1.012737454
2002-02,1.85,1.73,13.19912594,-0.770685701,-0.800685701,1.2,-1.420685701
2002-03,1.83,1.76,13.27987991,-0.354043558,-0.274043558,1.2,-0.984043558
2002-04,1.74,1.76,13.36077277,-0.439963428,-0.309963428,1.2,-0.979963428
2002-05,1.82,1.74,13.42299756,-0.251771996,-0.251771996,1.2,-0.871771996
2002-06,1.79,1.71,13.31438884,-0.001464178,0.018535822,1.2,-0.591464178
2002-07,1.73,1.67,13.19360015,-0.31541966,-0.25541966,1.1,-0.94541966
2002-08,1.76,1.68,13.07381344,-0.365064697,-0.395064697,1.1,-1.025064697
2002-09,1.81,1.66,12.95727575,-0.226758988,-0.276758988,1,-1.036758988
2002-10,1.85,1.54,12.84099598,-0.317010272,-0.437010272,1,-1.167010272
2002-11,1.82,1.42,12.72497416,-0.573422469,-1.003422469,0.9,-1.493422469
2002-12,1.23,1.2,12.53539578,-1.157740062,-1.047740062,0.9,-1.487740062
2003-01,1.16,1.2,12.34677971,-1.564402911,-1.434402911,0.9,-1.824402911
2003-02,1.33,1.16,12.15912594,-1.714377793,-1.774377793,0.9,-2.144377793
2003-03,1.33,1.18,12.42987991,-0.651693823,-0.751693823,0.9,-1.081693823
2003-04,1.38,1.12,12.70077277,-0.303734809,-0.443734809,0.8,-0.883734809
2003-05,1.31,1.11,12.95299756,-0.656321923,-0.746321923,0.8,-1.166321923
2003-06,1.28,1.09,12.94772217,-0.23248782,-0.47248782,0.7,-0.81248782
2003-07,1.45,0.89,12.93026682,-1.388403075,-1.788403075,0.7,-2.138403075
2003-08,1.04,0.94,12.91381344,-1.123341957,-1.083341957,0.7,-1.463341957
2003-09,1.01,0.96,12.90060908,-0.84750842,-0.77750842,0.7,-1.15750842
2003-10,1.17,0.93,12.88766265,-0.743627503,-0.813627503,0.7,-1.213627503
2003-11,1.03,0.94,12.87497416,-0.604797681,-0.524797681,0.7,-0.934797681
2003-12,1.01,0.91,12.78872912,-0.795998171,-0.705998171,0.7,-1.105998171
2004-01,0.94,0.93,12.70344638,-0.741469521,-0.621469521,0.7,-0.981469521
2004-02,1.03,0.9,12.61912594,-0.783262871,-0.763262871,0.7,-1.113262871
2004-03,1.04,0.94,12.74987991,-0.905251235,-0.895251235,0.8,-1.145251235
2004-04,1.05,0.93,12.88077277,-1.142164156,-1.112164156,0.8,-1.392164156
2004-05,1.03,0.96,12.99299756,-1.377820854,-1.207820854,0.8,-1.607820854
2004-06,1.02,1.06,13.13105551,-1.35961642,-0.91961642,0.8,-1.57961642
2004-07,1.38,1.31,13.25693348,-0.904978677,-0.714978677,0.8,-1.484978677
2004-08,1.29,1.42,13.38381344,-0.945010573,-0.555010573,0.8,-1.435010573
2004-09,1.55,1.57,13.54394241,-1.001418449,-0.691418449,0.9,-1.651418449
2004-10,1.94,1.68,13.70432932,-0.448505123,-0.348505123,0.9,-1.488505123
2004-11,1.79,1.87,13.86497416,-1.354127139,-0.884127139,1,-2.144127139
2004-12,2.02,2.19,14.01872912,-0.697984659,-0.267984659,1.1,-1.617984659
2005-01,1.97,2.18,14.17344638,-0.592518621,0.047481379,1.1,-1.462518621
2005-02,2.5,2.48,14.32912594,-0.451729906,-0.181729906,1.2,-1.751729906
2005-03,2.52,2.72,14.51654658,-0.323191089,0.126808911,1.2,-1.643191089
2005-04,2.96,2.73,14.7041061,0.258653951,0.388653951,1.2,-1.501346049
2005-05,2.97,2.84,14.87299756,0.40780145,0.65780145,1.3,-1.26219855
2005-06,3.09,2.93,14.76772217,0.915851721,1.205851721,1.3,-0.874148279
2005-07,3.35,3.06,14.65026682,0.645669207,0.865669207,1.4,-1.304330793
2005-08,3.31,3.34,14.53381344,-0.733035843,-0.273035843,1.4,-2.643035843
2005-09,3.63,3.44,14.50060908,-0.021581355,0.218418645,1.5,-2.151581355
2005-10,3.93,3.47,14.46766265,1.591145064,1.791145064,1.6,-0.738854936
2005-11,4.02,3.89,14.43497416,1.399412167,1.689412167,1.7,-0.920587833
2005-12,4.03,3.86,14.48206245,1.323879618,1.743879618,1.8,-0.906120382
2006-01,4.09,3.99,14.53011305,0.958476399,1.428476399,1.9,-1.231523601
2006-02,4.47,4.37,14.57912594,1.520389894,1.770389894,1.9,-1.049610106
2006-03,4.52,4.51,14.66987991,1.380914549,1.740914549,2,-1.139085451
2006-04,5,4.52,14.76077277,1.325713208,1.355713208,2.1,-1.574286792
2006-05,4.86,4.65,14.83299756,2.156075167,2.446075167,2.1,-0.603924833
2006-06,5.05,4.74,14.71438884,1.666396516,1.966396516,2.2,-1.183603484
2006-07,5.05,4.87,14.58360015,0.921604879,1.331604879,2.1,-2.028395121
2006-08,5.31,4.97,14.45381344,2.489336544,2.559336544,2.1,-0.720663456
2006-09,5.31,4.92,14.64727575,2.783268333,2.813268333,2.1,-0.426731667
2006-10,5.34,4.77,14.84099598,3.218669994,3.208669994,2.1,-0.021330006
2006-11,5.31,4.95,15.03497416,2.992139307,3.002139307,2.2,-0.117860693
2006-12,5.31,4.9,14.96872912,2.548766313,2.558766313,2.2,-0.561233687
2007-01,5.17,4.89,14.90344638,2.707526516,2.857526516,2.2,-0.262473484
2007-02,5.33,4.99,14.83912594,2.673814264,2.653814264,2.2,-0.456185736
2007-03,5.41,5.01,14.74321325,2.362320092,2.252320092,2.3,-0.747679908
2007-04,5.3,4.9,14.64743944,2.687386415,2.697386415,2.3,-0.312613585
2007-05,5.29,4.79,14.53299756,2.621397973,2.641397973,2.3,-0.368602027
2007-06,5.28,4.6,14.70438884,2.754782171,2.804782171,2.3,-0.225217829
2007-07,5.31,4.68,14.86360015,3.131675117,3.141675117,2.3,0.121675117
2007-08,5.28,4.82,15.02381344,3.277492585,3.487492585,2.2,0.197492585
2007-09,4.96,3.91,14.79060908,2.41768078,2.91768078,2.2,-0.34231922
2007-10,4.58,3.72,14.55766265,1.34315514,1.84315514,2,-1.23684486
2007-11,4.6,3.84,14.32497416,1.181836148,1.551836148,1.7,-1.718163852
2007-12,4.66,3.08,14.20539578,1.33250382,1.69250382,1.5,-1.82749618
2008-01,3.06,3.29,14.08677971,-0.582944745,0.197055255,1.4,-2.242944745
2008-02,3.22,1.92,13.96912594,-0.702736495,-0.862736495,1.2,-2.722736495
2008-03,3.01,1.81,13.84321325,-0.608752251,-0.828752251,1.2,-2.418752251
2008-04,2.51,1.36,13.71743944,-0.940830798,-0.600830798,1.2,-2.250830798
2008-05,2.37,1.41,13.57299756,-0.8660287,-0.5760287,1.2,-2.0360287
2008-06,1.98,1.85,13.53105551,-1.792287029,-1.012287029,1.1,-2.672287029
2008-07,2.47,1.87,13.47693348,-1.379271458,-1.059271458,1.1,-2.749271458
2008-08,2.09,1.65,13.42381344,-1.510888739,-0.810888739,1.1,-2.500888739
2008-09,1.94,1.69,13.38394241,-1.526983906,0.123016094,0.9,-2.566983906
2008-10,2.03,0.9,13.34432932,-0.287308536,2.002691464,0.8,-1.517308536
2008-11,0.22,0.44,13.30497416,-0.782500031,1.357499969,0.6,-0.402500031
2008-12,0.52,0.01,13.44872912,-0.826562147,0.423437853,0.6,-0.746562147
2009-01,0.14,0.11,13.59344638,-0.682274302,0.197725698,0.6,-0.222274302
2009-02,0.23,0.24,13.73912594,-0.878462912,0.051537088,0.6,-0.508462912
2009-03,0.22,0.26,13.99654658,-0.900818643,-0.050818643,0.5,-0.620818643
2009-04,0.16,0.21,14.2541061,-0.603518574,0.126481426,0.5,-0.263518574
2009-05,0.2,0.14,14.49299756,-0.35437027,0.01562973,0.5,-0.05437027
2009-06,0.19,0.14,14.56438884,-0.104319214,0.095680786,0.5,0.205680786
2009-07,0.22,0.19,14.62360015,0.354408026,0.484408026,0.5,0.634408026
2009-08,0.18,0.18,14.68381344,0.148821967,0.268821967,0.5,0.468821967
2009-09,0.15,0.15,14.56060908,0.050412701,0.150412701,0.5,0.400412701
2009-10,0.07,0.14,14.43766265,-0.585146813,-0.415146813,0.4,-0.255146813
2009-11,0.11,0.05,14.31497416,-1.504704128,-1.404704128,0.4,-1.214704128
2009-12,0.13,0.06,14.49872912,-2.354068266,-2.264068266,0.4,-2.084068266
2010-01,0.05,0.06,14.68344638,-1.877037293,-1.727037293,0.4,-1.527037293
2010-02,0.12,0.08,14.86912594,-1.570240786,-1.500240786,0.4,-1.290240786
2010-03,0.13,0.13,14.76654658,-1.67009202,-1.57009202,0.4,-1.40009202
2010-04,0.09,0.16,14.6641061,-1.639677952,-1.429677952,0.4,-1.329677952
2010-05,0.2,0.16,14.54299756,-1.062166769,-0.812166769,0.4,-0.862166769
2010-06,0.19,0.16,14.37105551,-0.775676728,-0.445676728,0.4,-0.565676728
2010-07,0.09,0.18,14.18693348,-1.016529539,-0.696529539,0.4,-0.706529539
2010-08,0.18,0.15,14.00381344,-0.625397371,-0.485397371,0.4,-0.405397371
2010-09,0.21,0.14,13.87394241,-0.939029106,-0.869029106,0.4,-0.749029106
2010-10,0.15,0.16,13.74432932,-0.848477734,-0.728477734,0.4,-0.598477734
2010-11,0.2,0.12,13.61497416,-0.708550692,-0.638550692,0.4,-0.508550692
2010-12,0.2,0.17,13.62206245,-1.028104243,-0.928104243,0.4,-0.828104243
2011-01,0.13,0.12,13.63011305,-1.206250908,-1.046250908,0.3,-1.036250908
2011-02,0.17,0.15,13.63912594,-2.026295116,-1.916295116,0.3,-1.896295116
2011-03,0.16,0.15,13.47321325,-1.748550707,-1.628550707,0.3,-1.608550707
2011-04,0.1,0.09,13.30743944,-1.838888205,-1.708888205,0.3,-1.638888205
2011-05,0.09,0.04,13.12299756,-2.150082014,-2.030082014,0.3,-1.940082014
2011-06,0.1,0.06,13.04438884,-2.123467917,-2.003467917,0.3,-1.923467917
2011-07,0.07,0.03,12.95360015,-2.602428627,-2.432428627,0.3,-2.372428627
2011-08,0.11,0.1,12.86381344,-2.527485935,-2.347485935,0.3,-2.337485935
2011-09,0.08,0.02,12.81727575,-2.680660048,-2.430660048,0.3,-2.460660048
2011-10,0.06,0.02,12.77099598,-2.700679009,-2.390679009,0.3,-2.460679009
2011-11,0.09,0.01,12.72497416,-2.55881851,-2.23881851,0.3,-2.34881851
2011-12,0.1,0.01,12.89539578,-2.6922767,-2.3022767,0.3,-2.4922767
2012-01,0.04,0.02,13.06677971,-2.570257814,-2.210257814,0.3,-2.310257814
2012-02,0.11,0.06,13.23912594,-2.844842509,-2.654842509,0.3,-2.654842509
2012-03,0.1,0.08,13.10654658,-1.861434816,-1.671434816,0.3,-1.661434816
2012-04,0.09,0.07,12.9741061,-2.037439915,-1.837439915,0.2,-1.927439915
2012-05,0.16,0.1,12.82299756,-1.888365871,-1.758365871,0.2,-1.848365871
2012-06,0.16,0.07,12.88772217,-1.710070619,-1.550070619,0.3,-1.570070619
2012-07,0.09,0.09,12.94026682,-2.062605895,-1.852605895,0.3,-1.852605895
2012-08,0.13,0.11,12.99381344,-1.572944108,-1.442944108,0.3,-1.402944108
2012-09,0.13,0.09,12.91394241,-1.768686209,-1.658686209,0.3,-1.598686209
2012-10,0.09,0.1,12.83432932,-2.027538774,-1.887538774,0.3,-1.817538774
2012-11,0.18,0.11,12.75497416,-1.805029608,-1.755029608,0.2,-1.785029608
2012-12,0.16,0.08,12.90872912,-1.769557647,-1.689557647,0.2,-1.729557647
2013-01,0.09,0.05,13.06344638,-1.738158546,-1.598158546,0.2,-1.628158546
2013-02,0.15,0.07,13.21912594,-1.822779057,-1.752779057,0.2,-1.772779057
2013-03,0.14,0.11,13.09321325,-1.550919085,-1.480919085,0.2,-1.490919085
2013-04,0.09,0.07,12.96743944,-1.380522681,-1.270522681,0.2,-1.270522681
2013-05,0.14,0.05,12.82299756,-1.379228643,-1.319228643,0.2,-1.319228643
2013-06,0.09,0.04,12.85438884,-1.686955688,-1.586955688,0.2,-1.576955688
2013-07,0.07,0.04,12.87360015,-1.696962483,-1.626962483,0.2,-1.566962483
2013-08,0.09,0.04,12.89381344,-1.765024657,-1.735024657,0.2,-1.655024657
2013-09,0.07,0.03,12.87394241,-1.24871737,-1.20871737,0.2,-1.11871737
2013-10,0.06,0.02,12.85432932,-1.213864142,-1.153864142,0.2,-1.073864142
2013-11,0.07,0.04,12.83497416,-1.499442782,-1.449442782,0.2,-1.369442782
2013-12,0.07,0.06,13.00206245,-1.638256827,-1.568256827,0.2,-1.508256827
2014-01,0.07,0.07,13.17011305,-1.607810095,-1.557810095,0.2,-1.477810095
2014-02,0.07,0.02,13.33912594,-1.314520335,-1.254520335,0.3,-1.084520335
2014-03,0.06,0.05,13.16654658,-1.604334748,-1.544334748,0.3,-1.364334748
2014-04,0.06,0.05,12.9941061,-1.960243613,-1.900243613,0.3,-1.720243613
2014-05,0.09,0.03,12.80299756,-1.875809135,-1.855809135,0.3,-1.665809135
2014-06,0.08,0.04,12.86438884,-2.086177955,-2.056177955,0.3,-1.866177955
2014-07,0.09,0.04,12.91360015,-1.810869532,-1.770869532,0.3,-1.600869532
2014-08,0.08,0.03,12.96381344,-1.579629302,-1.529629302,0.3,-1.359629302
2014-09,0.07,0.03,13.18394241,-1.625865144,-1.575865144,0.3,-1.395865144
2014-10,0.07,0.02,13.40432932,-1.619996139,-1.569996139,0.3,-1.389996139
2014-11,0.07,0.01,13.62497416,-1.468070321,-1.408070321,0.3,-1.238070321
2014-12,0.08,0.02,13.65872912,-0.996367632,-0.926367632,0.3,-0.776367632
2015-01,0.06,0.04,13.69344638,-0.802170602,-0.702170602,0.3,-0.562170602
2015-02,0.06,0.02,13.72912594,-0.858656482,-0.768656482,0.3,-0.618656482
2015-03,0.06,0.02,13.67654658,-0.729116354,-0.649116354,0.3,-0.489116354
2015-04,0.06,0.03,13.6241061,-0.908772921,-0.838772921,0.3,-0.668772921
2015-05,0.08,0.01,13.55299756,-0.840036608,-0.770036608,0.3,-0.620036608
2015-06,0.08,0.01,13.61438884,-1.002368614,-0.902368614,0.3,-0.782368614
2015-07,0.08,0.01,13.66360015,-1.009327442,-0.899327442,0.3,-0.789327442
2015-08,0.08,0.08,13.71381344,-1.029682997,-0.849682997,0.3,-0.809682997
2015-09,0.08,0.08,13.69060908,-0.910569755,-0.720569755,0.3,-0.690569755
2015-10,0.07,-0.01,13.66766265,-1.034966741,-0.854966741,0.3,-0.804966741
2015-11,0.07,0.08,13.64497416,-1.178300797,-0.948300797,0.3,-0.948300797
2015-12,0.08,0.22,13.66539578,-1.293378808,-0.833378808,0.3,-1.073378808
2016-01,0.2,0.16,13.68677971,-1.554433813,-1.184433813,0.3,-1.454433813
2016-02,0.29,0.32,13.70912594,-1.435906459,-1.185906459,0.4,-1.325906459
2016-03,0.29,0.33,13.61654658,-1.362807782,-1.102807782,0.4,-1.252807782
2016-04,0.25,0.21,13.5241061,-1.241081689,-0.941081689,0.4,-1.091081689
2016-05,0.3,0.22,13.41299756,-1.572803519,-1.302803519,0.3,-1.572803519
2016-06,0.29,0.34,13.46438884,-1.507610736,-1.247610736,0.3,-1.497610736
2016-07,0.3,0.26,13.50360015,-1.18069876,-0.86069876,0.3,-1.18069876
2016-08,0.3,0.27,13.54381344,-1.39300579,-0.96300579,0.3,-1.39300579
2016-09,0.3,0.33,13.54727575,-1.680618315,-1.230618315,0.3,-1.680618315
2016-10,0.29,0.28,13.55099598,-1.714782628,-1.284782628,0.3,-1.704782628
2016-11,0.31,0.34,13.55497416,-1.513713942,-1.113713942,0.3,-1.523713942
2016-12,0.31,0.48,13.72206245,-2.291883528,-1.731883528,0.3,-2.301883528
2017-01,0.55,0.5,13.89011305,-2.00524598,-1.65524598,0.3,-2.25524598
2017-02,0.56,0.52,14.05912594,-1.855461194,-1.545461194,0.3,-2.115461194
2017-03,0.57,0.53,14.06654658,-1.751668963,-1.341668963,0.3,-2.021668963
2017-04,0.82,0.75,14.0741061,-1.368384265,-1.158384265,0.3,-1.888384265
2017-05,0.83,0.79,14.06299756,-1.047226341,-0.827226341,0.3,-1.577226341
2017-06,0.83,0.96,14.27438884,-0.924440505,-0.594440505,0.3,-1.454440505
2017-07,1.06,1.01,14.47360015,-0.731997899,-0.571997899,0.3,-1.491997899
2017-08,1.07,1.05,14.67381344,-0.877782655,-0.697782655,0.3,-1.647782655
2017-09,1.07,0.99,14.76060908,-0.696373661,-0.516373661,0.3,-1.466373661
2017-10,1.06,1.04,14.84766265,-0.996027918,-0.796027918,0.3,-1.756027918
2017-11,1.07,1.13,14.93497416,-1.119688891,-0.869688891,0.4,-1.789688891
2017-12,1.07,1.25,15.12872912,-0.949452496,-0.479452496,0.4,-1.619452496
2018-01,1.33,1.37,15.32344638,-0.744604168,-0.444604168,0.4,-1.674604168
2018-02,1.34,1.44,15.51912594,-0.858172072,-0.418172072,0.4,-1.798172072
2018-03,1.35,1.63,15.55321325,-0.844420363,-0.114420363,0.5,-1.694420363
2018-04,1.67,1.7,15.58743944,-0.797121421,-0.267121421,0.5,-1.967121421
2018-05,1.69,1.84,15.60299756,-1.07589579,-0.60589579,0.5,-2.26589579
2018-06,1.7,1.89,15.82438884,-0.801549608,-0.311549608,0.6,-1.901549608
2018-07,1.91,1.89,16.03360015,-0.791129222,-0.531129222,0.7,-2.001129222
2018-08,1.91,1.99,16.24381344,-0.289796892,-0.009796892,0.7,-1.499796892
2018-09,1.91,2.07,16.43060908,-0.579604781,-0.249604781,0.7,-1.789604781
2018-10,2.18,2.15,16.61766265,-0.105365959,0.084634041,0.7,-1.585365959
2018-11,2.2,2.29,16.80497416,0.046206914,0.406206914,0.7,-1.453793086
2018-12,2.2,2.32,16.90539578,0.033016083,0.523016083,0.7,-1.466983917
2019-01,2.4,2.4,17.00677971,0.596721509,0.786721509,0.7,-1.103278491
2019-02,2.4,2.36,17.10912594,0.595244175,0.685244175,0.7,-1.104755825
2019-03,2.4,2.4,17.14654658,0.367048919,0.447048919,0.7,-1.332951081
2019-04,2.43,2.35,17.1841061,-0.013247277,0.026752723,0.6,-1.843247277
2019-05,2.45,2.38,17.20299756,0.623436704,0.613436704,0.6,-1.226563296
2019-06,2.4,2.3,17.06105551,0.535225219,0.435225219,0.6,-1.264774781
2019-07,2.4,2.08,16.90693348,0.262782027,0.082782027,0.6,-1.537217973
2019-08,2.4,2.04,16.75381344,0.231305726,-0.108694274,0.6,-1.568694274
2019-09,2.13,1.95,16.77727575,0.285501228,0.185501228,0.6,-1.244498772
2019-10,1.9,1.84,16.80099598,-0.217850496,-0.237850496,0.6,-1.517850496
2019-11,1.58,1.51,16.82497416,-0.542401568,-0.352401568,0.6,-1.522401568
2019-12,1.56,1.56,16.81872912,-1.045940414,-0.845940414,0.6,-2.005940414
2020-01,1.55,1.52,16.81344638,-0.846812718,-0.746812718,0.6,-1.796812718
2020-02,1.59,1.52,16.80912594,-0.650207724,-0.650207724,0.6,-1.640207724
2020-03,1.58,1.25,16.49321325,-0.2468185,-0.4768185,0.05,-1.7768185
2020-04,0.08,0.11,16.17743944,-1.513611847,-0.833611847,0.05,-1.543611847
2020-05,0.05,0.09,15.84299756,-0.776950737,-0.656950737,0.05,-0.776950737
2020-06,0.05,0.14,15.97438884,-1.053555619,-0.903555619,0.05,-1.053555619
2020-07,0.08,0.16,16.09360015,-1.399754562,-1.299754562,0.05,-1.429754562
2020-08,0.1,0.09,16.21381344,-1.246975235,-1.196975235,0.05,-1.296975235
2020-09,0.09,0.11,16.21727575,-1.504573561,-1.464573561,0.05,-1.544573561
2020-10,0.09,0.1,16.22099598,-1.459717157,-1.429717157,0.05,-1.499717157
2020-11,0.09,0.09,16.22497416,-1.180998709,-1.110998709,0.05,-1.220998709
2020-12,0.09,0.08,16.18539578,-1.661750551,-1.581750551,0.05,-1.701750551
2021-01,0.09,0.09,16.14677971,-1.446221546,-1.396221546,0.05,-1.486221546
2021-02,0.07,0.06,16.10912594,-1.339251603,-1.299251603,0.05,-1.359251603
2021-03,0.07,0.04,16.19987991,-2.256542478,-2.226542478,0.05,-2.276542478
2021-04,0.06,0.03,16.29077277,-4.545967276,-4.495967276,0.07,-4.535967276
2021-05,0.05,0.01,16.36299756,-3.702229903,-3.652229903,0.06,-3.692229903
2021-06,0.05,0.01,16.55438884,-4.979799367,-4.939799367,0.06,-4.969799367
2021-07,0.08,0.05,16.73360015,-4.18190517,-4.16190517,0.06,-4.20190517
2021-08,0.07,0.06,16.91381344,-4.169318139,-4.139318139,0.06,-4.179318139
2021-09,0.06,0.04,16.73727575,-4.540343079,-4.500343079,0.06,-4.540343079
2021-10,0.06,0.04,16.56099598,-5.132115788,-5.082115788,0.06,-5.132115788
2021-11,0.07,0.05,16.38497416,-5.376630904,-5.306630904,0.06,-5.386630904
2021-12,0.07,0.05,16.37872912,-5.984508238,-5.884508238,0.06,-5.994508238
2022-01,0.07,0.06,16.37344638,-6.326141208,-6.176141208,0.06,-6.336141208
2022-02,0.08,0.24,16.36912594,-7.376680723,-7.076680723,0.06,-7.396680723
2022-03,0.08,0.37,16.48987991,-7.043404917,-6.393404917,0.06,-7.063404917
2022-04,0.33,0.51,16.61077277,-6.455831038,-5.875831038,0.06,-6.725831038
2022-05,0.33,0.83,16.71299756,-6.73195927,-5.73195927,0.06,-7.00195927
2022-06,0.83,1.13,17.22105551,-6.376574978,-5.336574978,0.07,-7.136574978
2022-07,1.58,1.66,17.71693348,-4.986383501,-4.066383501,0.1,-6.466383501
2022-08,2.32,2.34,18.21381344,-4.719822083,-4.279822083,0.13,-6.909822083
2022-09,2.33,2.87,18.92394241,-5.500716898,-4.620716898,0.17,-7.660716898
2022-10,3.08,3.22,19.63432932,-3.947041714,-3.177041714,0.21,-6.817041714
2022-11,3.08,4.06,20.34497416,-2.624526847,-1.244526847,0.24,-5.464526847
2022-12,3.83,4.27,20.60206245,-1.809159417,-1.129159417,0.3,-5.339159417
2023-01,4.33,4.3,20.86011305,-2.283900876,-2.003900876,0.33,-6.283900876
2023-02,4.33,4.58,21.11912594,-0.757834163,-0.347834163,0.35,-4.737834163
2023-03,4.57,4.72,21.49321325,-2.497974328,-2.157974328,0.37,-6.697974328
2023-04,4.83,4.68,21.86743944,0.02404635,0.22404635,0.37,-4.43595365
2023-05,4.83,4.95,22.22299756,1.015302259,1.335302259,0.39,-3.424697741
2023-06,5.08,5.26,22.34105551,0.855206404,0.995206404,0.4,-3.824793596
2023-07,5.08,5.17,22.44693348,0.829229902,1.099229902,0.42,-3.830770098
2023-08,5.33,5.28,22.55381344,1.473866537,1.583866537,0.42,-3.436133463
2023-09,5.33,5.32,22.60060908,-0.027745976,0.132254024,0.45,-4.907745976
2023-10,5.33,5.32,22.64766265,1.252154184,1.382154184,0.46,-3.617845816
2023-11,5.33,5.33,22.69497416,2.772894623,2.852894623,0.46,-2.097105377
2023-12,5.33,5.25,,1.82614988,,0.46,-3.04385012
